action_id,dividend_amount,currency
1,44.38,USD
2,31.85,USD
3,37.15,INR
4,27.45,USD
5,13.93,USD
6,32.81,USD
7,16.48,INR
8,42.02,USD
9,31.3,USD
10,8.35,USD
11,26.34,INR
12,23.97,INR
13,6.45,USD
14,11.97,USD
15,25.16,USD
16,21.22,USD
17,27.47,INR
18,34.89,INR
19,38.4,USD
20,22.66,INR
21,33.21,USD
22,27.16,INR
23,33.68,USD
24,28.94,INR
25,33.62,INR
26,44.18,USD
27,40.47,INR
28,30.25,INR
29,45.24,USD
30,40.36,INR
31,20.78,INR
32,45.46,USD
33,38.42,INR
34,45.99,INR
35,20.79,USD
36,33.05,USD
37,49.54,INR
38,7.87,USD
39,28.31,INR
40,11.15,INR
41,38.03,USD
42,7.15,INR
43,49.14,INR
44,31.28,USD
45,17.51,USD
46,34.87,INR
47,48.26,INR
48,26.84,USD
49,36.51,INR
50,6.88,INR
51,41.79,USD
52,17.45,INR
53,37.57,INR
54,7.66,USD
55,9.16,INR
56,35.22,USD
57,24.58,INR
58,15.31,USD
59,15.15,USD
60,20.21,INR
61,21.47,USD
62,45.74,USD
63,11.75,INR
64,29.14,USD
65,9.13,INR
66,31.76,USD
67,11.09,USD
68,43.33,USD
69,44.84,USD
70,10.99,USD
71,10.66,INR
72,6.67,INR
73,6.04,INR
74,28.93,INR
75,37.77,USD
76,44.74,USD
77,45.51,INR
78,22.97,USD
79,26.03,INR
80,21.81,USD
81,12.35,INR
82,49.15,USD
83,28.5,USD
84,31.37,INR
85,32.93,USD
86,24.58,USD
87,9.37,USD
88,5.99,USD
89,15.71,USD
90,5.69,USD
91,23.11,USD
92,7.96,USD
93,10.73,USD
94,7.04,USD
95,26.88,INR
96,49.55,USD
97,31.37,INR
98,35.51,INR
99,9.4,USD
100,27.69,USD
101,24.41,INR
102,24.13,USD
103,27.24,USD
104,19.8,USD
105,15.79,USD
106,38.85,INR
107,28.55,USD
108,45.76,INR
109,11.83,INR
110,8.12,INR
111,9.29,USD
112,38.75,USD
113,47.63,INR
114,23.42,INR
115,32.75,USD
116,46.83,INR
117,23.77,USD
118,12.39,USD
119,36.01,USD
120,25.84,USD
121,30.89,INR
122,28.76,USD
123,19.95,USD
124,6.78,USD
125,10.77,USD
126,36.98,USD
127,23.13,USD
128,19.31,INR
129,7.57,USD
130,42.47,INR
131,28.36,INR
132,11.86,INR
133,30.7,USD
134,33.27,INR
135,34.29,USD
136,43.32,USD
137,31.15,INR
138,14.73,INR
139,27.66,USD
140,30.19,INR
141,40.04,INR
142,26.04,INR
143,25.52,USD
144,36.19,USD
145,27.33,USD
146,33.44,INR
147,19.79,INR
148,29.6,INR
149,19.0,USD
150,12.27,INR
151,6.9,INR
152,10.69,USD
153,42.5,INR
154,20.91,USD
155,28.69,USD
156,43.29,USD
157,12.82,USD
158,30.05,USD
159,6.16,USD
160,35.55,USD
161,48.3,INR
162,40.32,USD
163,21.67,INR
164,20.87,USD
165,21.65,USD
166,39.51,INR
167,5.74,USD
168,27.38,INR
169,10.02,INR
170,41.34,USD
171,8.28,USD
172,29.64,INR
173,6.31,USD
174,12.51,USD
175,39.47,INR
176,30.8,USD
177,48.76,USD
178,40.84,USD
179,19.72,INR
180,40.97,USD
181,23.96,INR
182,9.47,INR
183,18.69,INR
184,7.16,INR
185,37.8,INR
186,49.43,USD
187,19.54,INR
188,6.79,INR
189,24.04,INR
190,42.79,USD
191,21.23,USD
192,14.49,USD
193,19.65,USD
194,33.47,INR
195,19.93,INR
196,40.22,USD
197,43.26,USD
198,27.15,INR
199,6.4,USD
200,12.87,INR
201,23.08,INR
202,48.32,INR
203,47.8,USD
204,8.11,INR
205,41.1,USD
206,34.48,USD
207,29.1,USD
208,11.91,USD
209,11.72,USD
210,23.06,INR
211,36.29,USD
212,39.44,INR
213,46.48,USD
214,10.65,INR
215,8.3,USD
216,24.33,USD
217,37.3,USD
218,19.32,USD
219,19.93,INR
220,20.61,USD
221,13.06,INR
222,43.85,USD
223,30.58,INR
224,42.04,USD
225,24.81,USD
226,26.34,USD
227,48.24,USD
228,13.78,INR
229,15.17,USD
230,46.1,INR
231,10.26,USD
232,9.12,INR
233,24.99,USD
234,44.2,INR
235,11.77,USD
236,42.59,INR
237,47.09,INR
238,27.46,USD
239,21.82,USD
240,17.39,USD
241,44.94,USD
242,46.06,USD
243,17.76,INR
244,48.58,USD
245,28.99,INR
246,22.23,INR
247,8.44,INR
248,46.41,INR
249,6.74,INR
250,14.84,INR
251,14.21,INR
252,10.24,USD
253,48.74,INR
254,49.34,USD
255,33.51,INR
256,14.2,USD
257,7.66,INR
258,41.33,INR
259,20.91,INR
260,12.96,USD
261,7.83,INR
262,17.31,USD
263,25.64,USD
264,41.69,INR
265,45.57,INR
266,48.23,INR
267,26.23,USD
268,5.1,USD
269,42.11,USD
270,27.52,USD
271,7.69,INR
272,23.38,USD
273,16.2,INR
274,6.21,INR
275,45.89,USD
276,15.79,INR
277,7.65,USD
278,13.39,USD
279,23.05,INR
280,20.77,INR
281,15.6,USD
282,27.73,INR
283,16.95,INR
284,32.77,USD
285,13.54,USD
286,14.85,INR
287,11.18,USD
288,21.18,INR
289,28.1,USD
290,45.08,INR
291,14.12,USD
292,32.31,USD
293,38.07,USD
294,18.42,INR
295,36.98,USD
296,15.14,USD
297,24.3,INR
298,15.31,INR
299,33.09,USD
300,20.33,USD
301,16.23,INR
302,9.07,USD
303,36.76,USD
304,39.38,USD
305,14.32,USD
306,21.61,USD
307,8.04,INR
308,43.12,USD
309,37.3,INR
310,25.61,USD
311,26.63,INR
312,17.1,USD
313,15.91,INR
314,43.96,INR
315,40.31,INR
316,47.28,USD
317,44.21,INR
318,13.05,USD
319,40.17,USD
320,46.4,INR
321,21.85,USD
322,25.33,INR
323,48.87,USD
324,36.29,INR
325,9.15,INR
326,5.69,INR
327,48.53,USD
328,19.25,INR
329,41.37,USD
330,44.13,USD
331,22.24,INR
332,43.4,USD
333,48.68,INR
334,32.74,INR
335,15.96,USD
336,26.1,USD
337,15.06,INR
338,29.0,INR
339,14.66,INR
340,47.65,USD
341,22.32,INR
342,14.28,USD
343,29.48,INR
344,44.2,USD
345,29.65,INR
346,11.73,USD
347,17.49,INR
348,28.75,USD
349,33.66,USD
350,29.9,USD
351,24.06,INR
352,5.7,INR
353,36.77,USD
354,34.58,INR
355,19.68,INR
356,6.59,INR
357,18.56,INR
358,13.5,USD
359,20.62,INR
360,20.26,INR
361,34.62,INR
362,48.04,INR
363,44.05,USD
364,44.5,USD
365,17.13,USD
366,22.02,USD
367,7.01,INR
368,13.22,INR
369,15.59,USD
370,7.28,INR
371,5.52,USD
372,31.26,USD
373,49.69,USD
374,15.03,INR
375,35.58,USD
376,13.65,INR
377,23.98,USD
378,27.43,INR
379,22.09,INR
380,14.79,USD
381,13.18,USD
382,24.89,USD
383,20.31,USD
384,7.56,USD
385,35.03,USD
386,20.33,USD
387,32.23,USD
388,18.41,USD
389,18.57,USD
390,46.84,USD
391,48.55,USD
392,7.3,INR
393,13.35,INR
394,21.64,INR
395,37.46,INR
396,38.51,USD
397,22.7,INR
398,10.84,INR
399,17.79,INR
400,31.97,USD
401,39.64,USD
402,12.83,INR
403,10.21,USD
404,23.55,INR
405,42.74,INR
406,14.79,USD
407,32.38,USD
408,22.14,USD
409,46.21,INR
410,30.64,USD
411,7.57,INR
412,48.78,INR
413,28.93,USD
414,19.58,INR
415,39.02,USD
416,8.11,INR
417,22.3,INR
418,23.5,USD
419,37.23,USD
420,20.01,INR
421,41.02,INR
422,36.65,USD
423,49.31,USD
424,39.21,INR
425,23.9,INR
426,19.72,USD
427,25.63,INR
428,46.96,USD
429,28.52,USD
430,13.03,USD
431,38.28,USD
432,20.35,INR
433,40.69,USD
434,27.33,INR
435,19.82,USD
436,48.99,INR
437,20.17,USD
438,44.89,INR
439,48.12,USD
440,6.2,USD
441,17.99,USD
442,41.53,INR
443,39.9,INR
444,22.38,USD
445,48.98,INR
446,48.93,INR
447,5.55,USD
448,32.83,USD
449,43.0,USD
450,23.92,USD
451,31.11,INR
452,29.03,USD
453,10.68,INR
454,6.72,USD
455,15.3,USD
456,47.05,INR
457,45.51,USD
458,19.91,USD
459,32.94,USD
460,46.85,USD
461,43.09,USD
462,30.65,USD
463,14.03,INR
464,30.53,INR
465,45.37,INR
466,5.71,USD
467,18.19,INR
468,36.24,INR
469,43.86,USD
470,29.77,USD
471,14.82,USD
472,15.3,INR
473,43.07,USD
474,9.64,USD
475,33.63,USD
476,43.73,INR
477,40.14,USD
478,48.8,INR
479,31.55,INR
480,8.81,USD
481,22.92,USD
482,26.37,USD
483,25.83,USD
484,49.16,USD
485,19.64,USD
486,14.35,USD
487,30.51,INR
488,36.86,USD
489,24.27,USD
490,33.47,USD
491,31.3,INR
492,8.25,USD
493,36.4,INR
494,32.53,USD
495,9.84,USD
496,49.19,INR
497,18.96,INR
498,46.05,USD
499,34.36,INR
500,36.23,INR
501,7.65,USD
502,21.49,INR
503,41.78,USD
504,35.02,INR
505,36.01,USD
506,30.34,INR
507,9.95,INR
508,34.27,USD
509,7.11,INR
510,35.29,INR
511,6.81,USD
512,28.87,INR
513,17.26,USD
514,46.79,INR
515,8.08,USD
516,25.22,INR
517,47.3,INR
518,18.23,INR
519,36.71,USD
520,9.62,USD
521,24.79,INR
522,20.92,USD
523,39.19,INR
524,12.29,USD
525,8.89,USD
526,39.32,INR
527,35.81,INR
528,20.47,INR
529,41.47,INR
530,9.36,INR
531,11.56,INR
532,48.36,INR
533,28.97,USD
534,18.19,USD
535,19.48,INR
536,39.04,INR
537,39.66,INR
538,44.05,INR
539,46.75,USD
540,45.09,USD
541,18.95,INR
542,17.83,INR
543,10.51,INR
544,30.71,INR
545,32.19,USD
546,38.91,INR
547,6.67,INR
548,25.66,INR
549,22.6,USD
550,22.11,USD
551,6.42,INR
552,8.24,INR
553,33.21,INR
554,29.44,USD
555,13.04,INR
556,26.65,USD
557,29.17,INR
558,14.27,INR
559,9.63,USD
560,32.47,USD
561,48.91,USD
562,21.97,INR
563,20.54,USD
564,12.84,USD
565,30.2,INR
566,43.71,INR
567,16.19,INR
568,33.98,USD
569,19.51,USD
570,18.02,INR
571,39.83,USD
572,24.86,INR
573,17.76,USD
574,10.01,USD
575,19.25,INR
576,31.22,INR
577,18.37,INR
578,47.35,USD
579,29.59,USD
580,27.33,USD
581,17.15,INR
582,36.46,USD
583,34.37,INR
584,49.94,USD
585,34.49,USD
586,11.45,USD
587,49.18,USD
588,37.36,INR
589,15.43,INR
590,8.92,USD
591,25.91,USD
592,30.7,INR
593,32.04,INR
594,34.5,USD
595,12.38,USD
596,46.84,INR
597,23.01,INR
598,33.24,USD
599,21.81,INR
600,8.04,INR
601,11.37,INR
602,23.45,INR
603,37.08,USD
604,14.53,INR
605,24.27,INR
606,28.26,USD
607,20.28,INR
608,21.06,USD
609,10.5,USD
610,14.9,USD
611,32.82,INR
612,13.1,USD
613,44.07,USD
614,21.44,USD
615,47.21,INR
616,15.74,USD
617,7.71,INR
618,32.02,INR
619,21.24,USD
620,25.06,USD
621,19.92,USD
622,31.1,USD
623,24.42,INR
624,29.51,INR
625,29.06,USD
626,19.57,USD
627,33.51,USD
628,14.14,USD
629,38.11,USD
630,12.12,USD
631,24.37,INR
632,19.12,INR
633,47.07,INR
634,6.05,USD
635,46.75,INR
636,26.66,INR
637,26.54,INR
638,25.69,INR
639,34.93,INR
640,47.86,INR
641,28.51,INR
642,15.71,USD
643,46.44,USD
644,37.57,INR
645,43.16,INR
646,42.26,INR
647,32.26,USD
648,46.57,INR
649,10.27,USD
650,10.21,USD
651,10.17,INR
652,9.32,USD
653,43.4,USD
654,12.41,INR
655,5.3,USD
656,44.23,USD
657,29.85,INR
658,44.95,INR
659,45.17,USD
660,17.98,USD
661,34.44,INR
662,26.91,INR
663,36.29,USD
664,37.51,USD
665,8.0,INR
666,22.8,INR
667,6.75,INR
668,9.12,USD
669,42.59,INR
670,33.21,USD
671,43.47,INR
672,9.63,INR
673,15.75,USD
674,21.23,USD
675,13.45,USD
676,49.89,USD
677,41.88,USD
678,20.13,INR
679,28.85,USD
680,49.99,INR
681,20.77,USD
682,25.78,INR
683,12.81,USD
684,21.91,INR
685,21.67,INR
686,13.96,USD
687,35.17,INR
688,22.77,INR
689,7.3,INR
690,15.11,INR
691,43.42,USD
692,35.71,INR
693,9.49,USD
694,34.34,USD
695,40.87,USD
696,31.46,USD
697,7.42,INR
698,30.0,USD
699,18.27,INR
700,45.3,USD
701,35.33,INR
702,17.88,INR
703,15.73,INR
704,44.59,INR
705,42.09,INR
706,30.24,USD
707,36.07,INR
708,30.76,INR
709,36.08,INR
710,13.02,USD
711,6.97,INR
712,42.39,USD
713,5.6,USD
714,38.59,INR
715,14.28,INR
716,19.84,USD
717,38.68,INR
718,25.58,INR
719,7.61,INR
720,44.23,INR
721,27.5,INR
722,34.45,INR
723,18.38,INR
724,38.54,USD
725,40.3,USD
726,44.98,USD
727,29.51,USD
728,25.26,USD
729,45.39,USD
730,8.85,USD
731,21.72,INR
732,6.66,INR
733,48.13,INR
734,14.18,USD
735,42.71,INR
736,21.57,USD
737,27.21,USD
738,23.96,USD
739,22.32,USD
740,12.97,USD
741,7.83,USD
742,36.86,USD
743,43.9,USD
744,33.14,INR
745,7.58,INR
746,29.43,USD
747,5.8,INR
748,21.2,USD
749,18.87,INR
750,28.42,INR
751,20.97,INR
752,17.16,USD
753,40.03,USD
754,29.78,USD
755,35.3,INR
756,47.44,USD
757,22.35,INR
758,21.19,INR
759,21.17,USD
760,23.82,INR
761,45.98,INR
762,28.08,USD
763,47.34,INR
764,36.12,INR
765,39.89,INR
766,34.5,INR
767,14.7,USD
768,17.22,INR
769,35.34,INR
770,7.52,USD
771,23.15,INR
772,11.38,INR
773,14.29,USD
774,15.67,INR
775,41.48,USD
776,39.38,USD
777,41.15,USD
778,37.06,INR
779,15.9,USD
780,16.65,USD
781,27.21,USD
782,23.51,USD
783,11.15,INR
784,41.12,USD
785,27.4,USD
786,27.31,USD
787,28.71,USD
788,29.98,INR
789,7.71,INR
790,16.1,INR
791,27.7,USD
792,34.45,USD
793,19.73,USD
794,5.09,USD
795,41.34,USD
796,11.19,USD
797,48.68,USD
798,45.72,INR
799,13.42,USD
800,10.02,USD
801,32.21,USD
802,18.62,USD
803,18.78,INR
804,46.31,INR
805,24.77,USD
806,39.85,USD
807,46.52,INR
808,20.58,USD
809,42.24,INR
810,17.72,INR
811,16.98,INR
812,22.94,USD
813,36.33,USD
814,16.21,INR
815,38.89,INR
816,16.12,INR
817,8.62,USD
818,8.67,USD
819,15.41,USD
820,22.13,INR
821,37.67,USD
822,8.5,USD
823,27.26,USD
824,20.62,USD
825,45.07,USD
826,30.18,USD
827,26.01,INR
828,22.96,INR
829,25.77,INR
830,20.12,USD
831,11.24,USD
832,34.29,USD
833,43.52,INR
834,9.09,USD
835,24.24,USD
836,15.52,INR
837,40.51,USD
838,49.25,USD
839,33.21,INR
840,42.65,USD
841,13.31,INR
842,16.8,USD
843,22.89,USD
844,24.44,INR
845,31.6,INR
846,29.19,INR
847,38.62,INR
848,42.0,USD
849,44.02,INR
850,10.43,INR
851,41.89,INR
852,30.43,INR
853,41.07,USD
854,9.48,USD
855,23.67,USD
856,13.34,INR
857,44.86,USD
858,40.56,USD
859,29.03,INR
860,41.36,INR
861,25.82,INR
862,8.07,USD
863,24.08,USD
864,33.01,USD
865,21.42,USD
866,20.3,INR
867,41.64,USD
868,25.41,INR
869,36.44,USD
870,5.36,INR
871,25.76,USD
872,24.1,USD
873,15.95,USD
874,7.26,INR
875,13.94,USD
876,38.38,USD
877,48.73,INR
878,23.86,INR
879,39.6,USD
880,13.97,USD
881,34.18,USD
882,49.37,INR
883,33.86,INR
884,37.16,USD
885,9.01,INR
886,15.62,USD
887,32.59,INR
888,5.02,INR
889,33.64,INR
890,43.38,INR
891,12.25,INR
892,27.02,INR
893,16.87,USD
894,21.12,USD
895,32.97,INR
896,45.88,USD
897,30.17,USD
898,20.65,USD
899,45.07,INR
900,27.92,USD
901,48.28,USD
902,32.54,INR
903,48.52,USD
904,22.67,USD
905,25.16,INR
906,40.38,INR
907,35.5,USD
908,8.64,INR
909,14.64,USD
910,22.03,USD
911,38.11,INR
912,40.62,USD
913,32.5,USD
914,46.92,INR
915,46.07,USD
916,38.43,INR
917,38.87,INR
918,12.26,USD
919,17.75,INR
920,39.35,USD
921,34.76,USD
922,40.99,INR
923,36.52,USD
924,43.54,USD
925,47.16,INR
926,36.48,USD
927,48.53,INR
928,7.06,USD
929,39.15,INR
930,26.53,INR
931,16.97,INR
932,16.4,INR
933,44.17,USD
934,30.9,INR
935,10.04,INR
936,48.89,INR
937,30.7,INR
938,17.85,USD
939,8.37,USD
940,11.39,INR
941,27.58,INR
942,8.17,USD
943,23.46,USD
944,18.37,INR
945,28.4,INR
946,45.2,USD
947,32.46,USD
948,37.18,USD
949,36.36,INR
950,30.2,USD
951,31.84,USD
952,16.04,USD
953,47.3,USD
954,20.42,INR
955,5.82,USD
956,24.13,INR
957,22.34,INR
958,33.15,INR
959,28.57,USD
960,24.8,INR
961,30.39,INR
962,48.59,INR
963,14.77,USD
964,30.15,USD
965,48.12,USD
966,7.04,INR
967,6.21,INR
968,35.22,INR
969,24.72,USD
970,36.92,INR
971,7.76,USD
972,13.84,USD
973,48.64,INR
974,26.41,USD
975,29.97,INR
976,36.58,USD
977,39.24,INR
978,40.62,USD
979,43.02,USD
980,38.29,USD
981,8.89,INR
982,14.61,INR
983,32.93,INR
984,31.07,USD
985,41.27,USD
986,39.8,USD
987,30.96,USD
988,22.91,USD
989,39.96,INR
990,8.74,USD
991,7.97,INR
992,20.26,USD
993,21.25,USD
994,10.54,INR
995,15.11,INR
996,30.21,INR
997,17.49,USD
998,20.62,INR
999,47.25,INR
1000,26.54,USD
1001,6.15,USD
1002,30.32,USD
1003,44.95,INR
1004,17.71,USD
1005,49.36,USD
1006,16.8,INR
1007,42.27,USD
1008,34.27,INR
1009,37.26,INR
1010,32.93,INR
1011,19.87,USD
1012,17.49,USD
1013,22.98,INR
1014,30.78,INR
1015,29.77,INR
1016,41.93,INR
1017,16.6,USD
1018,23.48,INR
1019,13.13,INR
1020,40.16,INR
1021,34.14,INR
1022,11.73,USD
1023,48.75,USD
1024,29.71,INR
1025,20.11,INR
1026,35.41,USD
1027,18.78,USD
1028,21.69,USD
1029,18.47,USD
1030,25.77,USD
1031,26.14,INR
1032,44.74,USD
1033,45.52,INR
1034,17.76,INR
1035,7.52,USD
1036,27.13,INR
1037,25.77,INR
1038,24.74,USD
1039,9.06,INR
1040,30.19,INR
1041,35.2,INR
1042,43.3,INR
1043,23.01,INR
1044,24.14,INR
1045,34.45,USD
1046,25.06,USD
1047,40.92,USD
1048,16.73,INR
1049,33.82,INR
1050,34.18,INR
1051,10.72,INR
1052,20.99,USD
1053,38.3,USD
1054,22.67,USD
1055,17.35,INR
1056,36.15,USD
1057,13.72,INR
1058,48.91,USD
1059,8.22,INR
1060,14.2,INR
1061,45.63,USD
1062,17.92,INR
1063,34.76,USD
1064,10.26,INR
1065,27.23,USD
1066,10.66,INR
1067,23.52,INR
1068,30.53,USD
1069,37.55,USD
1070,16.99,INR
1071,26.57,USD
1072,38.17,USD
1073,16.27,USD
1074,38.26,USD
1075,34.49,USD
1076,34.24,USD
1077,41.5,USD
1078,26.91,USD
1079,8.6,INR
1080,31.17,INR
1081,14.55,INR
1082,14.08,USD
1083,21.79,INR
1084,27.19,USD
1085,40.14,USD
1086,10.78,INR
1087,24.67,USD
1088,20.05,INR
1089,40.93,USD
1090,48.16,INR
1091,5.65,INR
1092,32.46,USD
1093,21.0,USD
1094,16.39,INR
1095,10.63,USD
1096,7.29,INR
1097,6.24,USD
1098,35.87,USD
1099,28.39,INR
1100,43.66,USD
1101,31.34,USD
1102,11.74,USD
1103,10.66,INR
1104,31.02,USD
1105,38.05,USD
1106,35.06,USD
1107,26.03,INR
1108,46.57,USD
1109,31.68,INR
1110,10.37,USD
1111,25.76,USD
1112,35.49,USD
1113,15.76,INR
1114,35.25,INR
1115,5.05,INR
1116,15.94,USD
1117,18.35,INR
1118,11.81,INR
1119,8.58,INR
1120,12.35,USD
1121,31.97,USD
1122,37.64,USD
1123,8.32,INR
1124,42.41,USD
1125,26.19,INR
1126,38.12,USD
1127,31.82,INR
1128,26.2,INR
1129,41.02,USD
1130,43.63,INR
1131,34.77,USD
1132,30.77,USD
1133,23.1,INR
1134,18.49,INR
1135,13.19,INR
1136,14.25,USD
1137,16.33,INR
1138,24.27,INR
1139,11.03,USD
1140,45.63,USD
1141,33.21,USD
1142,41.6,USD
1143,18.06,INR
1144,22.71,INR
1145,28.08,USD
1146,26.59,USD
1147,19.81,USD
1148,35.52,INR
1149,30.38,INR
1150,29.55,INR
1151,28.2,USD
1152,17.35,INR
1153,23.19,USD
1154,26.99,USD
1155,19.63,USD
1156,15.7,INR
1157,49.81,INR
1158,49.73,USD
1159,48.45,USD
1160,23.0,INR
1161,39.42,INR
1162,20.47,INR
1163,24.64,USD
1164,38.65,USD
1165,44.38,INR
1166,15.56,INR
1167,44.62,USD
1168,14.02,USD
1169,33.85,INR
1170,29.59,INR
1171,23.1,INR
1172,21.67,INR
1173,48.23,INR
1174,6.87,INR
1175,9.37,INR
1176,13.56,USD
1177,28.38,USD
1178,15.04,INR
1179,11.76,USD
1180,36.64,USD
1181,49.78,USD
1182,30.13,INR
1183,16.53,INR
1184,11.33,USD
1185,22.49,INR
1186,49.21,INR
1187,37.55,USD
1188,38.96,USD
1189,24.41,INR
1190,8.83,USD
1191,38.34,INR
1192,28.62,INR
1193,49.21,INR
1194,30.5,USD
1195,30.07,INR
1196,23.87,INR
1197,8.9,INR
1198,9.19,USD
1199,9.42,INR
1200,17.27,INR
1201,29.71,USD
1202,33.81,INR
1203,45.86,INR
1204,10.38,USD
1205,49.94,INR
1206,26.11,USD
1207,7.78,USD
1208,30.29,INR
1209,6.19,INR
1210,43.91,INR
1211,29.73,USD
1212,38.09,USD
1213,39.42,INR
1214,7.28,INR
1215,47.39,INR
1216,41.55,USD
1217,36.55,USD
1218,7.65,USD
1219,34.0,INR
1220,10.81,USD
1221,38.63,USD
1222,8.33,USD
1223,39.14,USD
1224,25.45,USD
1225,29.12,USD
1226,39.83,INR
1227,16.57,USD
1228,14.01,USD
1229,37.87,USD
1230,49.48,USD
1231,24.49,USD
1232,43.76,USD
1233,41.36,INR
1234,30.56,INR
1235,13.58,INR
1236,42.12,INR
1237,21.94,INR
1238,34.49,INR
1239,34.71,USD
1240,14.69,USD
1241,28.15,INR
1242,7.86,USD
1243,13.35,INR
1244,25.55,USD
1245,40.36,USD
1246,7.68,USD
1247,47.7,USD
1248,15.46,INR
1249,43.57,USD
1250,41.09,USD
1251,46.17,INR
1252,40.66,INR
1253,35.66,USD
1254,18.11,INR
1255,44.62,USD
1256,25.19,USD
1257,40.36,USD
1258,34.16,INR
1259,24.3,INR
1260,35.43,USD
1261,47.6,USD
1262,38.1,USD
1263,14.19,USD
1264,31.59,INR
1265,28.41,INR
1266,44.78,USD
1267,11.73,INR
1268,32.48,USD
1269,45.72,INR
1270,17.06,INR
1271,18.31,USD
1272,39.59,USD
1273,19.92,USD
1274,46.24,USD
1275,20.23,INR
1276,17.5,USD
1277,28.69,INR
1278,10.14,INR
1279,14.17,USD
1280,26.45,INR
1281,9.09,INR
1282,26.29,USD
1283,31.27,USD
1284,40.8,INR
1285,32.69,USD
1286,16.71,INR
1287,45.11,INR
1288,27.65,INR
1289,37.12,USD
1290,29.45,INR
1291,6.28,INR
1292,39.39,USD
1293,30.54,INR
1294,8.0,INR
1295,10.54,INR
1296,34.73,USD
1297,44.16,USD
1298,21.25,USD
1299,23.97,INR
1300,22.57,INR
1301,7.13,INR
1302,22.84,USD
1303,36.68,USD
1304,43.45,USD
1305,6.42,INR
1306,48.67,USD
1307,21.11,INR
1308,37.96,USD
1309,10.56,USD
1310,29.85,USD
1311,11.4,INR
1312,43.98,INR
1313,33.64,INR
1314,10.77,USD
1315,15.13,USD
1316,27.78,USD
1317,20.17,USD
1318,11.3,USD
1319,33.99,INR
1320,27.09,INR
1321,39.81,USD
1322,38.37,INR
1323,15.99,USD
1324,43.41,INR
1325,18.93,USD
1326,31.55,INR
1327,22.06,USD
1328,33.47,USD
1329,19.92,INR
1330,6.38,INR
1331,11.61,INR
1332,15.41,INR
1333,42.55,INR
1334,16.7,USD
1335,34.48,INR
1336,43.44,USD
1337,47.19,INR
1338,15.35,INR
1339,47.85,INR
1340,44.48,INR
1341,15.65,INR
1342,49.76,INR
1343,36.4,INR
1344,11.77,INR
1345,43.93,INR
1346,29.37,INR
1347,38.04,INR
1348,49.13,INR
1349,29.99,USD
1350,23.05,USD
1351,20.18,INR
1352,38.19,USD
1353,34.18,INR
1354,26.34,USD
1355,10.34,USD
1356,26.23,USD
1357,13.44,USD
1358,46.81,INR
1359,41.33,USD
1360,22.25,USD
1361,9.58,INR
1362,33.91,INR
1363,45.88,USD
1364,21.63,USD
1365,34.76,INR
1366,41.27,INR
1367,5.29,USD
1368,26.95,USD
1369,28.23,INR
1370,34.08,INR
1371,26.37,INR
1372,46.14,INR
1373,18.39,USD
1374,40.43,USD
1375,12.17,USD
1376,30.28,INR
1377,26.24,USD
1378,42.13,USD
1379,43.62,INR
1380,49.27,INR
1381,23.71,INR
1382,40.56,USD
1383,13.95,INR
1384,7.84,INR
1385,11.2,USD
1386,10.45,INR
1387,44.51,USD
1388,30.26,INR
1389,6.55,INR
1390,26.75,USD
1391,39.25,INR
1392,37.75,INR
1393,10.0,USD
1394,25.65,INR
1395,30.48,USD
1396,44.2,INR
1397,13.45,USD
1398,16.27,USD
1399,49.52,INR
1400,10.17,INR
1401,38.16,INR
1402,12.38,INR
1403,6.19,USD
1404,25.11,USD
1405,42.33,USD
1406,31.57,INR
1407,41.06,INR
1408,37.45,USD
1409,45.6,USD
1410,17.08,USD
1411,46.76,INR
1412,28.32,USD
1413,37.18,USD
1414,33.42,INR
1415,31.73,USD
1416,37.77,INR
1417,30.85,USD
1418,17.7,INR
1419,29.4,INR
1420,33.63,USD
1421,16.28,INR
1422,37.11,INR
1423,23.73,USD
1424,23.36,USD
1425,29.21,USD
1426,34.1,INR
1427,7.02,USD
1428,17.73,USD
1429,40.68,INR
1430,13.6,USD
1431,45.75,INR
1432,26.4,USD
1433,38.26,INR
1434,8.44,INR
1435,31.44,INR
1436,17.82,USD
1437,38.28,INR
1438,42.06,INR
1439,26.32,INR
1440,22.39,USD
1441,23.53,INR
1442,18.62,INR
1443,5.79,INR
1444,12.7,USD
1445,19.04,INR
1446,9.14,INR
1447,25.85,INR
1448,17.66,USD
1449,23.04,INR
1450,10.55,INR
1451,5.28,USD
1452,42.71,INR
1453,48.19,USD
1454,46.39,USD
1455,22.89,USD
1456,39.19,INR
1457,39.15,INR
1458,7.34,INR
1459,11.63,USD
1460,8.99,USD
1461,5.56,INR
1462,23.09,USD
1463,37.46,USD
1464,11.03,INR
1465,5.56,INR
1466,31.64,INR
1467,12.98,INR
1468,22.76,INR
1469,12.67,USD
1470,8.08,USD
1471,11.34,USD
1472,5.03,INR
1473,17.91,USD
1474,31.43,INR
1475,33.1,USD
1476,36.67,USD
1477,47.25,INR
1478,27.6,INR
1479,43.24,USD
1480,45.45,USD
1481,16.54,USD
1482,16.7,USD
1483,42.12,INR
1484,25.38,USD
1485,39.15,INR
1486,18.72,INR
1487,20.69,USD
1488,35.66,USD
1489,34.19,USD
1490,47.6,INR
1491,35.96,INR
1492,35.32,INR
1493,35.06,USD
1494,14.34,USD
1495,16.41,INR
1496,10.64,INR
1497,17.08,USD
1498,16.29,USD
1499,7.31,USD
1500,25.52,USD
1501,33.7,INR
1502,46.31,USD
1503,12.45,USD
1504,8.18,INR
1505,17.67,INR
1506,6.97,INR
1507,38.17,INR
1508,29.8,USD
1509,33.49,INR
1510,42.73,INR
1511,41.66,INR
1512,33.77,INR
1513,38.59,INR
1514,39.24,INR
1515,42.21,USD
1516,27.89,INR
1517,47.65,USD
1518,7.03,USD
1519,19.36,INR
1520,42.2,INR
1521,45.02,USD
1522,45.47,USD
1523,39.17,INR
1524,8.63,USD
1525,9.79,INR
1526,13.38,USD
1527,30.75,INR
1528,41.33,INR
1529,16.26,USD
1530,29.26,INR
1531,37.16,USD
1532,47.07,INR
1533,40.23,USD
1534,33.32,INR
1535,11.66,INR
1536,29.01,INR
1537,10.77,USD
1538,26.95,USD
1539,11.86,INR
1540,9.36,USD
1541,33.71,USD
1542,27.6,USD
1543,41.29,INR
1544,27.72,INR
1545,19.21,USD
1546,33.94,INR
1547,24.08,INR
1548,28.76,INR
1549,40.69,USD
1550,34.64,USD
1551,9.19,USD
1552,23.6,USD
1553,8.23,INR
1554,21.39,USD
1555,16.14,USD
1556,24.67,USD
1557,28.01,INR
1558,25.13,USD
1559,13.08,INR
1560,40.51,INR
1561,38.64,INR
1562,6.3,USD
1563,15.93,USD
1564,43.76,USD
1565,27.04,USD
1566,15.4,USD
1567,37.32,INR
1568,20.59,USD
1569,25.97,USD
1570,43.7,USD
1571,40.82,INR
1572,40.98,INR
1573,21.96,INR
1574,30.05,INR
1575,11.98,USD
1576,49.48,INR
1577,7.59,INR
1578,49.06,USD
1579,31.41,INR
1580,49.74,INR
1581,48.73,USD
1582,48.49,USD
1583,39.12,USD
1584,38.34,USD
1585,19.42,USD
1586,46.26,USD
1587,10.62,INR
1588,37.77,INR
1589,10.76,INR
1590,30.09,INR
1591,15.31,INR
1592,16.15,INR
1593,20.64,INR
1594,30.36,USD
1595,16.89,USD
1596,25.63,USD
1597,11.47,INR
1598,25.03,INR
1599,17.25,USD
1600,28.57,INR
1601,47.26,USD
1602,12.46,USD
1603,10.45,INR
1604,22.68,USD
1605,17.54,USD
1606,35.88,USD
1607,18.46,USD
1608,11.56,INR
1609,26.01,USD
1610,9.54,INR
1611,37.59,INR
1612,11.57,INR
1613,9.4,INR
1614,20.68,INR
1615,24.76,INR
1616,21.16,INR
1617,12.8,INR
1618,15.22,INR
1619,37.72,INR
1620,24.45,USD
1621,32.93,USD
1622,31.12,USD
1623,48.69,USD
1624,24.93,USD
1625,14.82,INR
1626,17.76,INR
1627,13.81,INR
1628,48.0,USD
1629,33.37,INR
1630,10.93,INR
1631,21.26,INR
1632,46.36,INR
1633,40.69,USD
1634,28.92,USD
1635,46.45,INR
1636,44.01,USD
1637,34.39,INR
1638,14.54,INR
1639,15.06,INR
1640,32.27,USD
1641,36.71,INR
1642,40.1,USD
1643,22.79,INR
1644,34.31,INR
1645,8.61,USD
1646,13.17,INR
1647,18.72,INR
1648,28.09,USD
1649,33.16,INR
1650,34.52,INR
1651,9.9,USD
1652,46.24,USD
1653,40.93,INR
1654,14.43,INR
1655,15.52,INR
1656,46.89,INR
1657,49.17,INR
1658,41.59,INR
1659,14.5,USD
1660,21.49,USD
1661,6.59,INR
1662,40.06,USD
1663,20.43,USD
1664,12.4,USD
1665,34.52,INR
1666,28.3,USD
1667,38.68,INR
1668,35.4,INR
1669,47.93,USD
1670,42.99,INR
1671,13.4,USD
1672,34.05,USD
1673,5.85,INR
1674,20.15,INR
1675,13.09,INR
1676,48.87,USD
1677,25.7,INR
1678,13.4,INR
1679,41.8,USD
1680,39.3,USD
1681,18.64,USD
1682,37.04,USD
1683,10.15,USD
1684,12.85,USD
1685,9.89,USD
1686,44.81,INR
1687,5.26,USD
1688,17.06,INR
1689,26.1,USD
1690,36.96,USD
1691,11.79,USD
1692,33.43,USD
1693,43.2,USD
1694,43.19,USD
1695,44.55,USD
1696,9.22,USD
1697,23.15,INR
1698,32.86,INR
1699,19.63,INR
1700,28.48,USD
1701,40.7,INR
1702,20.28,USD
1703,49.88,INR
1704,27.08,USD
1705,49.09,INR
1706,30.09,USD
1707,33.73,USD
1708,42.06,INR
1709,38.18,USD
1710,8.19,INR
1711,34.66,INR
1712,43.49,INR
1713,42.18,USD
1714,21.45,INR
1715,47.38,INR
1716,41.15,USD
1717,29.16,INR
1718,30.17,INR
1719,23.24,USD
1720,38.59,USD
1721,34.23,USD
1722,43.17,INR
1723,48.64,INR
1724,11.49,USD
1725,34.06,INR
1726,14.33,USD
1727,15.58,INR
1728,12.24,INR
1729,18.44,INR
1730,17.15,INR
1731,20.29,USD
1732,36.84,USD
1733,43.27,USD
1734,18.92,USD
1735,23.85,INR
1736,22.98,INR
1737,39.06,USD
1738,21.17,USD
1739,46.13,USD
1740,36.73,USD
1741,20.07,INR
1742,47.59,USD
1743,35.63,INR
1744,36.07,USD
1745,25.45,INR
1746,13.42,INR
1747,36.13,USD
1748,34.25,INR
1749,28.7,INR
1750,7.25,USD
1751,8.39,INR
1752,35.62,USD
1753,45.76,INR
1754,23.89,INR
1755,27.72,INR
1756,11.58,USD
1757,44.06,INR
1758,12.83,INR
1759,31.37,INR
1760,22.38,INR
1761,12.07,USD
1762,5.96,USD
1763,17.73,INR
1764,46.51,USD
1765,25.29,USD
1766,17.91,USD
1767,32.07,INR
1768,15.23,INR
1769,11.84,INR
1770,13.83,INR
1771,18.32,INR
1772,48.68,INR
1773,42.31,USD
1774,7.15,USD
1775,41.18,INR
1776,8.73,INR
1777,45.03,INR
1778,8.03,INR
1779,23.95,USD
1780,13.93,INR
1781,30.1,INR
1782,25.49,USD
1783,26.99,INR
1784,25.89,INR
1785,16.29,INR
1786,13.94,INR
1787,12.75,USD
1788,16.15,USD
1789,40.44,INR
1790,27.4,USD
1791,14.28,INR
1792,46.1,INR
1793,30.96,INR
1794,15.85,USD
1795,17.66,INR
1796,49.77,USD
1797,13.33,INR
1798,32.82,USD
1799,34.24,USD
1800,10.25,INR
1801,23.53,INR
1802,23.96,USD
1803,43.09,USD
1804,44.2,INR
1805,17.57,USD
1806,10.43,USD
1807,27.45,INR
1808,18.38,INR
1809,45.16,USD
1810,7.47,USD
1811,33.22,USD
1812,40.87,INR
1813,29.68,INR
1814,17.21,USD
1815,46.57,USD
1816,42.65,USD
1817,36.89,INR
1818,11.93,USD
1819,26.31,USD
1820,9.19,USD
1821,17.81,USD
1822,5.59,INR
1823,24.09,INR
1824,21.26,INR
1825,39.63,USD
1826,47.7,USD
1827,20.26,INR
1828,34.07,INR
1829,47.94,INR
1830,5.41,INR
1831,30.18,INR
1832,17.18,USD
1833,9.95,USD
1834,8.86,USD
1835,43.49,USD
1836,26.79,USD
1837,32.21,INR
1838,27.92,USD
1839,17.05,USD
1840,10.86,USD
1841,27.48,INR
1842,46.07,INR
1843,17.65,INR
1844,6.6,USD
1845,16.85,USD
1846,37.41,INR
1847,34.41,USD
1848,37.44,INR
1849,41.56,INR
1850,8.47,INR
1851,20.32,USD
1852,43.14,USD
1853,16.26,INR
1854,24.52,INR
1855,25.52,INR
1856,34.05,USD
1857,46.23,INR
1858,49.71,USD
1859,37.88,INR
1860,11.4,INR
1861,32.59,USD
1862,26.98,USD
1863,30.31,USD
1864,40.3,INR
1865,28.03,INR
1866,18.7,USD
1867,15.95,USD
1868,30.85,USD
1869,31.52,USD
1870,31.21,INR
1871,38.4,USD
1872,19.98,INR
1873,5.61,INR
1874,7.87,USD
1875,24.61,INR
1876,10.74,USD
1877,10.64,INR
1878,47.47,INR
1879,9.96,USD
1880,11.03,USD
1881,48.85,INR
1882,24.93,USD
1883,24.65,INR
1884,22.52,USD
1885,29.27,INR
1886,32.9,USD
1887,25.03,INR
1888,25.0,INR
1889,24.03,USD
1890,33.15,INR
1891,18.27,INR
1892,18.21,USD
1893,40.31,INR
1894,34.94,USD
1895,46.05,USD
1896,17.28,USD
1897,36.14,USD
1898,8.4,INR
1899,33.87,INR
1900,35.69,USD
1901,15.88,USD
1902,49.34,INR
1903,7.4,USD
1904,32.59,USD
1905,15.44,INR
1906,38.91,USD
1907,7.08,USD
1908,18.8,INR
1909,33.81,USD
1910,30.26,INR
1911,21.74,USD
1912,18.65,INR
1913,12.33,INR
1914,9.66,USD
1915,10.19,USD
1916,36.96,INR
1917,10.48,INR
1918,43.44,USD
1919,34.92,USD
1920,44.58,INR
1921,15.94,USD
1922,18.03,USD
1923,34.24,USD
1924,23.29,INR
1925,21.43,USD
1926,40.47,INR
1927,16.36,USD
1928,12.51,USD
1929,16.16,USD
1930,22.55,USD
1931,43.93,USD
1932,31.56,USD
1933,7.95,INR
1934,25.29,USD
1935,9.51,USD
1936,38.27,USD
1937,14.28,USD
1938,38.82,INR
1939,6.08,INR
1940,37.61,USD
1941,39.35,INR
1942,49.17,INR
1943,14.0,INR
1944,8.69,USD
1945,17.24,USD
1946,21.98,INR
1947,35.93,USD
1948,47.69,USD
1949,34.25,USD
1950,6.51,USD
1951,16.44,INR
1952,18.91,USD
1953,11.77,INR
1954,49.66,INR
1955,15.71,USD
1956,37.11,INR
1957,38.84,INR
1958,38.52,USD
1959,11.1,USD
1960,34.77,INR
1961,16.63,USD
1962,6.44,USD
1963,49.92,USD
1964,11.57,INR
1965,42.65,USD
1966,7.98,INR
1967,13.52,USD
1968,29.53,USD
1969,26.69,INR
1970,14.96,INR
1971,17.1,USD
1972,48.92,USD
1973,26.29,INR
1974,30.91,USD
1975,16.34,USD
1976,5.88,USD
1977,15.96,INR
1978,31.97,INR
1979,37.03,USD
1980,43.15,USD
1981,8.9,INR
1982,9.59,USD
1983,41.92,INR
1984,10.95,INR
1985,29.27,USD
1986,26.45,USD
1987,35.8,USD
1988,17.38,INR
1989,17.04,INR
1990,14.48,USD
1991,37.15,USD
1992,48.71,INR
1993,23.84,INR
1994,47.38,INR
1995,41.66,USD
1996,14.64,INR
1997,34.71,USD
1998,23.46,USD
1999,6.4,INR
2000,30.18,INR
2001,37.98,INR
2002,14.89,INR
2003,33.19,INR
2004,28.32,INR
2005,42.41,USD
2006,20.2,INR
2007,45.06,USD
2008,21.4,USD
2009,32.74,INR
2010,26.08,INR
2011,15.23,USD
2012,17.76,USD
2013,18.28,USD
2014,24.33,INR
2015,47.49,USD
2016,25.43,INR
2017,23.2,USD
2018,42.33,INR
2019,36.81,INR
2020,8.53,USD
2021,20.23,USD
2022,29.82,USD
2023,5.77,USD
2024,9.82,INR
2025,10.85,INR
2026,49.07,USD
2027,21.0,INR
2028,19.67,USD
2029,15.33,USD
2030,43.6,USD
2031,29.83,INR
2032,27.84,INR
2033,49.42,USD
2034,45.76,USD
2035,16.63,USD
2036,22.46,USD
2037,11.35,USD
2038,29.76,USD
2039,7.02,INR
2040,5.42,USD
2041,37.51,USD
2042,42.22,INR
2043,34.08,INR
2044,40.18,INR
2045,17.61,INR
2046,21.23,INR
2047,21.19,INR
2048,29.58,INR
2049,21.55,USD
2050,33.55,USD
2051,22.78,USD
2052,42.75,INR
2053,39.76,INR
2054,22.56,USD
2055,13.85,USD
2056,21.69,USD
2057,11.47,USD
2058,6.57,USD
2059,46.01,INR
2060,14.65,INR
2061,42.23,USD
2062,17.91,INR
2063,9.56,INR
2064,27.74,INR
2065,27.75,INR
2066,26.29,INR
2067,20.33,INR
2068,40.37,USD
2069,20.62,USD
2070,40.48,INR
2071,5.19,INR
2072,45.37,INR
2073,8.65,INR
2074,49.38,USD
2075,28.13,USD
2076,49.39,INR
2077,40.02,INR
2078,44.92,USD
2079,33.69,USD
2080,7.77,INR
2081,27.23,INR
2082,41.54,INR
2083,33.09,INR
2084,47.44,INR
2085,23.81,INR
2086,12.54,INR
2087,48.85,USD
2088,39.99,INR
2089,44.55,USD
2090,38.03,USD
2091,33.46,USD
2092,27.45,INR
2093,13.97,INR
2094,10.39,USD
2095,14.54,INR
2096,17.75,USD
2097,11.3,INR
2098,39.02,USD
2099,37.65,INR
2100,47.09,USD
2101,31.63,INR
2102,23.48,INR
2103,13.65,USD
2104,21.21,USD
2105,34.39,INR
2106,48.79,USD
2107,46.24,USD
2108,27.7,INR
2109,21.55,INR
2110,49.14,INR
2111,20.21,USD
2112,14.88,USD
2113,24.51,INR
2114,12.12,USD
2115,16.9,USD
2116,31.49,INR
2117,13.86,INR
2118,41.46,USD
2119,5.44,INR
2120,46.21,USD
2121,29.98,INR
2122,49.21,INR
2123,35.97,INR
2124,26.52,INR
2125,13.12,USD
2126,11.48,INR
2127,24.02,USD
2128,24.17,INR
2129,33.77,INR
2130,39.09,INR
2131,46.31,USD
2132,34.47,USD
2133,39.1,INR
2134,44.33,USD
2135,7.57,USD
2136,9.39,USD
2137,29.59,USD
2138,21.03,USD
2139,7.82,USD
2140,38.84,USD
2141,19.36,USD
2142,34.71,USD
2143,22.42,INR
2144,37.75,INR
2145,17.28,INR
2146,26.24,USD
2147,26.09,INR
2148,13.69,USD
2149,23.3,USD
2150,36.69,USD
2151,19.4,USD
2152,43.98,INR
2153,30.75,USD
2154,49.78,USD
2155,23.32,USD
2156,15.6,INR
2157,46.6,INR
2158,43.87,INR
2159,48.24,INR
2160,31.15,USD
2161,48.57,USD
2162,22.49,USD
2163,44.49,USD
2164,33.0,USD
2165,29.74,USD
2166,37.44,USD
2167,25.52,USD
2168,29.2,USD
2169,30.46,USD
2170,5.02,INR
2171,49.22,USD
2172,37.14,INR
2173,16.65,INR
2174,40.81,INR
2175,25.11,USD
2176,14.89,USD
2177,5.27,USD
2178,5.1,INR
2179,7.31,INR
2180,12.88,USD
2181,5.68,USD
2182,8.7,USD
2183,45.34,USD
2184,37.59,USD
2185,45.13,USD
2186,9.69,USD
2187,11.35,USD
2188,26.76,INR
2189,23.46,INR
2190,44.65,INR
2191,35.84,INR
2192,49.14,USD
2193,34.26,INR
2194,36.85,USD
2195,14.68,INR
2196,45.7,USD
2197,15.08,INR
2198,21.69,USD
2199,31.97,USD
2200,17.69,USD
2201,15.2,INR
2202,32.97,USD
2203,31.59,USD
2204,12.86,INR
2205,34.17,INR
2206,24.61,USD
2207,24.96,INR
2208,34.52,USD
2209,18.16,USD
2210,19.65,USD
2211,24.29,INR
2212,33.61,INR
2213,15.04,INR
2214,14.79,INR
2215,26.78,INR
2216,23.86,INR
2217,7.45,USD
2218,10.95,INR
2219,24.34,INR
2220,41.48,USD
2221,43.73,INR
2222,14.65,USD
2223,43.86,INR
2224,32.01,USD
2225,39.68,USD
2226,49.5,USD
2227,44.76,USD
2228,45.48,INR
2229,42.73,USD
2230,32.6,USD
2231,13.79,USD
2232,43.48,INR
2233,32.27,INR
2234,14.53,USD
2235,48.96,INR
2236,41.49,INR
2237,24.49,USD
2238,24.35,USD
2239,40.78,INR
2240,40.61,USD
2241,37.29,INR
2242,6.9,INR
2243,40.19,INR
2244,33.81,INR
2245,24.32,INR
2246,28.31,INR
2247,41.57,INR
2248,5.86,INR
2249,14.0,INR
2250,16.96,INR
2251,21.04,INR
2252,43.27,USD
2253,20.54,USD
2254,38.35,USD
2255,20.55,USD
2256,27.03,USD
2257,26.52,INR
2258,32.69,USD
2259,20.1,USD
2260,40.51,USD
2261,11.53,INR
2262,44.91,USD
2263,41.85,INR
2264,37.23,USD
2265,10.26,INR
2266,7.05,INR
2267,21.35,INR
2268,15.71,USD
2269,35.38,USD
2270,7.55,INR
2271,37.08,USD
2272,28.8,USD
2273,11.29,USD
2274,10.71,INR
2275,32.17,USD
2276,5.05,USD
2277,49.66,INR
2278,30.66,USD
2279,11.93,INR
2280,49.73,INR
2281,44.56,INR
2282,7.88,USD
2283,41.77,USD
2284,48.82,USD
2285,18.42,INR
2286,20.19,INR
2287,39.44,INR
2288,39.02,INR
2289,8.51,INR
2290,6.63,INR
2291,10.14,USD
2292,44.31,USD
2293,7.8,INR
2294,28.69,USD
2295,25.07,USD
2296,42.74,INR
2297,7.7,USD
2298,13.91,INR
2299,18.55,USD
2300,21.25,INR
2301,49.2,INR
2302,23.36,INR
2303,7.85,USD
2304,30.13,INR
2305,19.78,INR
2306,39.29,USD
2307,37.12,USD
2308,21.38,INR
2309,32.14,USD
2310,16.21,INR
2311,14.52,USD
2312,44.57,USD
2313,41.52,USD
2314,22.67,USD
2315,42.72,INR
2316,25.81,USD
2317,44.08,USD
2318,21.72,INR
2319,27.96,USD
2320,31.25,USD
2321,7.4,INR
2322,7.32,USD
2323,32.17,USD
2324,34.92,USD
2325,12.11,USD
2326,20.32,INR
2327,30.61,INR
2328,11.98,USD
2329,47.8,INR
2330,20.77,INR
2331,43.43,INR
2332,7.35,INR
2333,40.37,USD
2334,49.7,USD
2335,5.57,INR
2336,30.37,USD
2337,19.32,USD
2338,5.24,USD
2339,7.7,USD
2340,17.16,USD
2341,26.49,INR
2342,45.66,USD
2343,33.03,INR
2344,24.47,INR
2345,15.46,USD
2346,20.95,USD
2347,37.26,INR
2348,36.72,INR
2349,37.7,USD
2350,10.34,INR
2351,46.66,INR
2352,25.73,USD
2353,33.74,USD
2354,17.99,INR
2355,37.41,USD
2356,37.37,USD
2357,14.11,INR
2358,37.75,USD
2359,19.72,INR
2360,32.81,INR
2361,9.82,INR
2362,44.23,INR
2363,5.69,USD
2364,41.21,INR
2365,43.9,USD
2366,19.82,USD
2367,6.44,USD
2368,9.57,INR
2369,20.22,INR
2370,31.26,INR
2371,35.21,INR
2372,24.22,INR
2373,12.49,USD
2374,36.21,USD
2375,22.41,INR
2376,18.07,USD
2377,17.43,INR
2378,8.86,INR
2379,31.0,USD
2380,30.08,INR
2381,47.89,USD
2382,36.0,INR
2383,6.95,USD
2384,12.19,USD
2385,8.12,INR
2386,6.59,INR
2387,33.41,INR
2388,14.68,USD
2389,46.19,INR
2390,11.76,INR
2391,22.24,USD
2392,29.14,INR
2393,17.01,USD
2394,27.88,USD
2395,36.59,INR
2396,46.7,INR
2397,18.77,USD
2398,40.74,INR
2399,30.19,USD
2400,13.65,INR
2401,31.12,USD
2402,28.58,USD
2403,47.02,USD
2404,48.37,USD
2405,33.14,INR
2406,39.08,USD
2407,47.86,INR
2408,25.27,USD
2409,29.95,USD
2410,38.96,INR
2411,8.82,USD
2412,30.01,USD
2413,18.56,INR
2414,44.57,INR
2415,21.67,INR
2416,40.94,USD
2417,9.36,USD
2418,42.98,INR
2419,12.76,INR
2420,22.91,INR
2421,35.93,USD
2422,45.0,INR
2423,20.96,INR
2424,28.87,USD
2425,12.36,USD
2426,27.88,USD
2427,41.3,INR
2428,6.06,INR
2429,46.84,USD
2430,45.67,INR
2431,43.97,INR
2432,18.76,INR
2433,25.01,INR
2434,18.38,USD
2435,47.05,INR
2436,48.98,USD
2437,26.67,INR
2438,26.73,USD
2439,35.72,INR
2440,32.33,INR
2441,47.63,USD
2442,33.85,USD
2443,41.86,USD
2444,44.29,USD
2445,17.67,INR
2446,46.82,USD
2447,20.03,INR
2448,33.44,USD
2449,12.33,USD
2450,22.7,USD
2451,41.97,INR
2452,19.79,USD
2453,27.4,INR
2454,40.03,INR
2455,6.23,INR
2456,13.21,INR
2457,45.68,INR
2458,22.8,INR
2459,38.12,INR
2460,7.15,USD
2461,11.92,INR
2462,8.56,INR
2463,34.07,INR
2464,17.13,INR
2465,5.89,USD
2466,7.27,USD
2467,35.46,INR
2468,9.51,INR
2469,9.52,INR
2470,47.1,INR
2471,18.82,USD
2472,39.89,INR
2473,11.69,INR
2474,17.64,INR
2475,43.9,USD
2476,8.8,INR
2477,5.45,USD
2478,18.16,USD
2479,28.75,USD
2480,15.22,USD
2481,24.91,INR
2482,46.42,INR
2483,45.81,USD
2484,35.09,USD
2485,33.01,INR
2486,44.78,INR
2487,45.76,USD
2488,25.44,INR
2489,30.05,USD
2490,25.56,INR
2491,15.12,INR
2492,46.08,USD
2493,13.27,USD
2494,32.84,USD
2495,20.92,INR
2496,42.42,USD
2497,12.4,INR
2498,30.6,USD
2499,10.19,USD
2500,28.88,INR
2501,26.96,USD
2502,11.48,USD
2503,31.28,INR
2504,30.85,USD
2505,28.23,USD
2506,13.64,USD
2507,16.93,INR
2508,45.34,USD
2509,36.06,USD
2510,41.74,USD
2511,19.41,USD
2512,12.67,USD
2513,16.03,INR
2514,18.88,INR
2515,11.5,USD
2516,17.5,USD
2517,40.7,USD
2518,24.98,INR
2519,6.97,USD
2520,6.24,INR
2521,18.59,INR
2522,12.72,USD
2523,48.79,USD
2524,20.53,USD
2525,36.89,INR
2526,48.2,USD
2527,10.81,INR
2528,47.43,INR
2529,41.23,INR
2530,27.33,USD
2531,10.57,INR
2532,11.07,INR
2533,9.18,USD
2534,30.41,INR
2535,32.6,USD
2536,12.79,USD
2537,27.31,INR
2538,43.6,USD
2539,7.41,INR
2540,32.6,INR
2541,9.82,USD
2542,20.86,USD
2543,25.11,INR
2544,35.25,INR
2545,7.08,USD
2546,28.29,INR
2547,41.42,USD
2548,10.24,USD
2549,36.37,USD
2550,23.34,INR
2551,17.1,USD
2552,7.98,USD
2553,44.96,USD
2554,8.46,INR
2555,34.2,USD
2556,16.66,INR
2557,10.28,INR
2558,36.79,INR
2559,41.01,INR
2560,41.81,INR
2561,45.13,USD
2562,28.14,INR
2563,38.19,INR
2564,20.86,INR
2565,20.07,INR
2566,29.45,INR
2567,18.84,INR
2568,29.41,INR
2569,19.81,USD
2570,48.77,USD
2571,20.36,USD
2572,31.27,INR
2573,36.54,INR
2574,36.71,USD
2575,13.67,INR
2576,25.92,USD
2577,10.13,USD
2578,45.89,USD
2579,31.2,INR
2580,43.6,INR
2581,19.78,USD
2582,22.92,USD
2583,19.16,USD
2584,45.12,INR
2585,10.51,USD
2586,28.31,USD
2587,18.09,INR
2588,8.04,USD
2589,24.81,INR
2590,40.9,INR
2591,43.85,USD
2592,37.88,USD
2593,49.05,USD
2594,15.64,USD
2595,43.32,INR
2596,46.57,USD
2597,27.24,INR
2598,30.62,INR
2599,9.62,USD
2600,29.55,USD
2601,21.77,USD
2602,39.66,INR
2603,32.96,USD
2604,49.9,INR
2605,6.24,USD
2606,12.62,USD
2607,11.67,USD
2608,12.8,INR
2609,28.93,USD
2610,46.13,USD
2611,7.28,USD
2612,18.74,INR
2613,29.44,USD
2614,11.4,USD
2615,27.78,USD
2616,37.61,INR
2617,19.66,USD
2618,37.7,USD
2619,17.85,USD
2620,9.45,USD
2621,11.44,USD
2622,5.25,INR
2623,18.02,USD
2624,33.85,USD
2625,34.22,INR
2626,15.87,INR
2627,12.15,USD
2628,14.6,USD
2629,37.92,INR
2630,20.66,USD
2631,46.76,USD
2632,33.81,INR
2633,39.95,USD
2634,14.11,USD
2635,41.55,USD
2636,32.28,INR
2637,16.03,USD
2638,48.65,USD
2639,44.39,INR
2640,41.94,INR
2641,39.23,USD
2642,38.67,USD
2643,37.16,INR
2644,45.27,INR
2645,27.69,INR
2646,26.17,INR
2647,14.31,USD
2648,12.38,USD
2649,11.19,INR
2650,35.7,INR
2651,22.83,INR
2652,26.78,USD
2653,12.73,USD
2654,20.46,USD
2655,44.52,USD
2656,10.18,USD
2657,5.04,USD
2658,40.75,USD
2659,28.51,USD
2660,9.84,USD
2661,17.22,USD
2662,13.53,INR
2663,9.33,USD
2664,34.44,INR
2665,31.5,INR
2666,36.26,USD
2667,7.4,USD
2668,25.07,INR
2669,8.44,USD
2670,44.24,USD
2671,46.44,USD
2672,8.44,USD
2673,28.47,INR
2674,39.88,USD
2675,9.18,INR
2676,34.78,INR
2677,20.42,USD
2678,20.4,INR
2679,45.38,INR
2680,16.96,USD
2681,19.66,INR
2682,27.59,INR
2683,46.17,USD
2684,15.91,USD
2685,41.72,INR
2686,49.84,INR
2687,29.13,USD
2688,39.73,INR
2689,32.19,INR
2690,20.91,USD
2691,9.42,INR
2692,11.72,USD
2693,36.58,INR
2694,47.06,INR
2695,49.3,USD
2696,6.87,USD
2697,27.33,INR
2698,27.16,USD
2699,20.1,USD
2700,28.1,INR
2701,9.19,USD
2702,41.08,INR
2703,40.08,INR
2704,22.5,INR
2705,26.76,INR
2706,23.13,INR
2707,43.75,INR
2708,30.25,INR
2709,18.93,USD
2710,44.94,USD
2711,40.24,USD
2712,17.31,USD
2713,28.72,INR
2714,27.56,INR
2715,26.32,INR
2716,32.5,USD
2717,34.89,USD
2718,36.61,INR
2719,47.94,INR
2720,28.29,INR
2721,29.19,INR
2722,8.85,INR
2723,7.33,USD
2724,37.37,INR
2725,40.45,INR
2726,27.33,INR
2727,46.68,INR
2728,22.4,USD
2729,48.99,USD
2730,39.47,INR
2731,47.47,INR
2732,36.29,INR
2733,6.61,USD
2734,46.93,USD
2735,31.93,USD
2736,38.47,INR
2737,23.14,USD
2738,48.05,USD
2739,9.16,INR
2740,6.06,USD
2741,42.72,INR
2742,25.83,USD
2743,46.45,INR
2744,27.42,INR
2745,14.75,USD
2746,20.82,USD
2747,42.87,USD
2748,13.25,USD
2749,18.21,INR
2750,49.58,USD
2751,7.97,INR
2752,37.1,INR
2753,21.83,INR
2754,25.24,USD
2755,12.44,USD
2756,35.63,USD
2757,5.96,USD
2758,6.39,USD
2759,17.98,INR
2760,7.46,INR
2761,41.66,INR
2762,36.59,USD
2763,21.11,USD
2764,24.12,USD
2765,34.63,USD
2766,18.11,USD
2767,17.04,INR
2768,20.87,INR
2769,41.38,INR
2770,45.3,INR
2771,5.37,INR
2772,28.87,INR
2773,36.0,USD
2774,7.72,USD
2775,17.57,INR
2776,6.35,INR
2777,6.46,USD
2778,15.57,USD
2779,20.42,USD
2780,23.69,USD
2781,38.59,USD
2782,40.96,INR
2783,9.17,INR
2784,6.27,INR
2785,30.59,INR
2786,18.81,INR
2787,31.09,USD
2788,43.44,INR
2789,28.34,USD
2790,36.58,USD
2791,39.13,USD
2792,32.98,INR
2793,41.3,INR
2794,42.55,USD
2795,15.98,INR
2796,44.43,INR
2797,42.89,USD
2798,20.56,INR
2799,46.7,USD
2800,22.49,USD
2801,48.41,INR
2802,39.64,USD
2803,33.95,INR
2804,6.55,INR
2805,47.03,USD
2806,12.88,INR
2807,30.66,USD
2808,30.86,USD
2809,34.46,USD
2810,42.91,USD
2811,42.08,INR
2812,24.87,USD
2813,15.67,USD
2814,12.64,INR
2815,16.03,INR
2816,7.96,INR
2817,30.33,USD
2818,33.14,USD
2819,9.79,INR
2820,47.44,INR
2821,40.98,INR
2822,25.98,INR
2823,11.92,INR
2824,49.85,INR
2825,44.46,INR
2826,49.33,INR
2827,15.14,INR
2828,45.8,USD
2829,17.63,USD
2830,38.57,INR
2831,25.57,INR
2832,16.61,INR
2833,32.35,USD
2834,26.82,INR
2835,6.89,USD
2836,35.72,USD
2837,25.39,USD
2838,20.81,USD
2839,46.1,USD
2840,7.84,USD
2841,34.02,INR
2842,32.51,USD
2843,44.88,INR
2844,42.14,USD
2845,8.87,INR
2846,18.46,INR
2847,11.38,INR
2848,35.28,USD
2849,27.2,INR
2850,14.06,INR
2851,10.8,USD
2852,6.14,INR
2853,34.69,USD
2854,8.14,USD
2855,35.97,INR
2856,39.5,INR
2857,20.1,INR
2858,28.87,INR
2859,44.26,USD
2860,35.75,USD
2861,38.21,INR
2862,45.44,INR
2863,20.54,INR
2864,37.7,USD
2865,47.4,INR
2866,12.51,USD
2867,32.47,USD
2868,8.52,INR
2869,8.8,USD
2870,30.42,INR
2871,28.26,INR
2872,39.41,INR
2873,9.31,USD
2874,30.65,USD
2875,8.78,INR
2876,9.12,USD
2877,32.03,INR
2878,32.56,USD
2879,22.57,INR
2880,27.38,INR
2881,42.64,USD
2882,43.28,USD
2883,33.34,USD
2884,5.52,USD
2885,16.27,USD
2886,9.53,INR
2887,17.92,INR
2888,18.58,INR
2889,31.7,USD
2890,39.52,INR
2891,27.22,USD
2892,10.21,USD
2893,23.79,USD
2894,41.36,INR
2895,33.65,INR
2896,48.97,INR
2897,17.85,USD
2898,42.08,INR
2899,38.01,USD
2900,7.55,USD
2901,20.89,INR
2902,32.19,USD
2903,42.21,USD
2904,24.85,USD
2905,48.15,INR
2906,36.69,INR
2907,11.92,INR
2908,8.13,INR
2909,9.95,INR
2910,38.44,INR
2911,46.66,USD
2912,7.8,INR
2913,35.18,USD
2914,41.76,INR
2915,39.47,INR
2916,45.74,USD
2917,14.46,USD
2918,17.6,INR
2919,35.25,USD
2920,12.32,USD
2921,48.88,USD
2922,16.86,USD
2923,35.28,USD
2924,7.47,INR
2925,47.48,USD
2926,35.94,INR
2927,8.66,USD
2928,37.91,USD
2929,23.61,USD
2930,34.03,INR
2931,12.19,INR
2932,15.35,USD
2933,16.76,INR
2934,45.39,USD
2935,18.62,USD
2936,22.1,USD
2937,12.86,USD
2938,15.71,INR
2939,13.97,USD
2940,24.94,INR
2941,28.75,USD
2942,10.52,USD
2943,33.29,USD
2944,48.91,INR
2945,49.67,USD
2946,30.45,USD
2947,49.65,INR
2948,38.55,USD
2949,33.12,INR
2950,28.38,USD
2951,45.55,INR
2952,10.54,INR
2953,14.82,USD
2954,10.74,USD
2955,43.05,INR
2956,37.56,USD
2957,48.07,USD
2958,10.83,INR
2959,38.27,USD
2960,35.5,USD
2961,12.4,USD
2962,47.86,USD
2963,5.74,USD
2964,43.68,USD
2965,34.31,INR
2966,9.89,USD
2967,43.21,USD
2968,30.67,USD
2969,26.74,USD
2970,36.59,INR
2971,19.76,USD
2972,30.44,USD
2973,40.36,INR
2974,18.46,INR
2975,6.74,USD
2976,25.0,USD
2977,40.7,USD
2978,34.17,INR
2979,47.28,INR
2980,31.43,INR
2981,25.57,INR
2982,17.12,USD
2983,14.08,USD
2984,45.85,INR
2985,41.23,USD
2986,7.19,USD
2987,28.21,USD
2988,7.97,USD
2989,16.17,INR
2990,22.92,USD
2991,12.36,INR
2992,8.37,USD
2993,28.59,INR
2994,41.41,INR
2995,35.53,USD
2996,7.82,USD
2997,27.94,USD
2998,24.93,USD
2999,47.48,USD
3000,29.62,INR
3001,11.15,INR
3002,31.12,USD
3003,37.67,USD
3004,26.22,INR
3005,26.25,USD
3006,16.02,INR
3007,9.98,INR
3008,22.38,USD
3009,41.99,INR
3010,25.21,USD
3011,41.37,INR
3012,41.82,INR
3013,48.01,INR
3014,35.35,USD
3015,12.45,USD
3016,36.02,INR
3017,32.69,USD
3018,48.46,INR
3019,28.21,USD
3020,36.52,INR
3021,13.71,INR
3022,42.57,USD
3023,28.99,USD
3024,28.43,USD
3025,25.96,USD
3026,35.84,USD
3027,49.19,USD
3028,25.46,USD
3029,28.43,INR
3030,22.39,INR
3031,9.12,INR
3032,11.25,INR
3033,32.25,INR
3034,17.06,USD
3035,25.71,INR
3036,45.73,INR
3037,35.22,USD
3038,33.97,INR
3039,22.45,INR
3040,27.28,USD
3041,20.63,USD
3042,31.95,INR
3043,48.97,USD
3044,5.87,INR
3045,29.14,INR
3046,31.38,USD
3047,15.97,INR
3048,34.2,INR
3049,33.63,INR
3050,27.88,INR
3051,37.26,INR
3052,5.75,USD
3053,27.27,INR
3054,24.61,USD
3055,45.66,INR
3056,38.82,INR
3057,23.57,USD
3058,44.99,USD
3059,10.32,INR
3060,17.59,USD
3061,47.03,USD
3062,19.17,INR
3063,27.91,INR
3064,5.58,INR
3065,20.72,USD
3066,31.94,INR
3067,49.47,USD
3068,49.17,INR
3069,40.23,USD
3070,37.09,USD
3071,27.01,INR
3072,44.95,INR
3073,38.91,INR
3074,5.63,INR
3075,32.72,INR
3076,34.88,USD
3077,13.89,USD
3078,43.21,USD
3079,31.24,INR
3080,20.01,INR
3081,42.86,USD
3082,35.66,USD
3083,34.02,USD
3084,42.09,USD
3085,25.89,INR
3086,29.53,USD
3087,36.94,INR
3088,27.47,INR
3089,23.97,INR
3090,32.08,INR
3091,38.98,USD
3092,45.49,INR
3093,39.88,INR
3094,10.13,USD
3095,10.04,USD
3096,49.49,INR
3097,32.46,USD
3098,6.33,INR
3099,6.97,INR
3100,33.94,USD
3101,28.77,INR
3102,22.57,USD
3103,44.19,USD
3104,17.52,INR
3105,49.54,INR
3106,21.11,INR
3107,27.77,USD
3108,45.13,USD
3109,26.97,USD
3110,7.96,INR
3111,36.89,INR
3112,8.09,USD
3113,40.04,INR
3114,31.36,INR
3115,47.22,INR
3116,13.46,INR
3117,11.97,USD
3118,39.14,USD
3119,11.26,INR
3120,42.15,USD
3121,7.83,INR
3122,10.82,INR
3123,20.04,INR
3124,7.82,INR
3125,47.45,USD
3126,9.34,INR
3127,40.94,INR
3128,32.39,INR
3129,24.42,USD
3130,43.71,INR
3131,46.5,USD
3132,40.1,USD
3133,39.03,USD
3134,29.42,INR
3135,30.59,INR
3136,41.3,INR
3137,11.28,USD
3138,15.38,USD
3139,48.92,USD
3140,18.3,INR
3141,21.03,INR
3142,47.72,USD
3143,39.33,USD
3144,30.5,USD
3145,43.43,INR
3146,47.22,INR
3147,17.36,INR
3148,27.9,USD
3149,42.3,USD
3150,31.91,INR
3151,21.99,INR
3152,22.46,INR
3153,21.66,INR
3154,8.24,USD
3155,12.79,USD
3156,23.39,INR
3157,39.48,USD
3158,40.49,USD
3159,12.95,USD
3160,26.86,INR
3161,19.05,USD
3162,21.69,USD
3163,34.8,INR
3164,46.95,INR
3165,43.61,INR
3166,19.72,INR
3167,16.86,INR
3168,13.68,INR
3169,21.26,USD
3170,40.6,INR
3171,8.87,INR
3172,10.75,INR
3173,47.84,INR
3174,31.15,USD
3175,24.37,INR
3176,6.08,USD
3177,35.99,USD
3178,29.39,INR
3179,9.56,INR
3180,18.58,INR
3181,49.86,USD
3182,14.68,USD
3183,22.48,INR
3184,24.47,INR
3185,31.84,USD
3186,21.03,INR
3187,37.61,INR
3188,13.26,INR
3189,18.38,INR
3190,35.85,USD
3191,10.69,USD
3192,29.38,USD
3193,5.75,INR
3194,38.26,USD
3195,14.35,INR
3196,21.32,INR
3197,33.65,INR
3198,36.53,INR
3199,36.25,USD
3200,16.21,INR
3201,35.11,USD
3202,39.63,INR
3203,31.14,USD
3204,28.56,INR
3205,6.39,USD
3206,32.02,INR
3207,44.96,INR
3208,36.93,INR
3209,21.84,INR
3210,23.78,USD
3211,35.2,INR
3212,29.29,USD
3213,23.89,INR
3214,10.47,INR
3215,17.2,USD
3216,24.03,INR
3217,43.0,USD
3218,26.3,USD
3219,29.94,USD
3220,24.69,INR
3221,47.99,INR
3222,22.07,USD
3223,22.63,INR
3224,18.25,INR
3225,31.69,USD
3226,31.23,USD
3227,23.21,USD
3228,30.6,USD
3229,17.04,INR
3230,25.02,INR
3231,13.24,INR
3232,48.09,INR
3233,24.17,INR
3234,22.74,USD
3235,22.07,USD
3236,21.79,INR
3237,17.6,INR
3238,35.06,INR
3239,38.11,INR
3240,43.34,USD
3241,13.08,INR
3242,32.33,INR
3243,45.93,USD
3244,15.77,INR
3245,10.13,INR
3246,5.32,INR
3247,14.18,INR
3248,42.11,USD
3249,49.93,INR
3250,13.26,INR
3251,41.17,USD
3252,24.85,INR
3253,46.79,USD
3254,32.91,INR
3255,23.23,USD
3256,24.22,USD
3257,5.04,USD
3258,49.27,USD
3259,35.12,USD
3260,44.14,USD
3261,18.96,USD
3262,42.36,INR
3263,38.89,USD
3264,23.52,INR
3265,18.76,USD
3266,23.16,USD
3267,34.76,INR
3268,13.4,INR
3269,32.24,INR
3270,18.42,USD
3271,12.55,USD
3272,19.92,INR
3273,17.92,INR
3274,13.6,INR
3275,30.28,INR
3276,49.16,INR
3277,33.4,INR
3278,46.11,INR
3279,5.97,USD
3280,39.18,INR
3281,47.32,INR
3282,38.72,USD
3283,5.36,INR
3284,45.26,INR
3285,5.83,USD
3286,44.59,USD
3287,39.01,USD
3288,26.61,INR
3289,45.36,USD
3290,35.14,INR
3291,28.58,USD
3292,17.75,INR
3293,6.54,USD
3294,25.24,USD
3295,32.18,INR
3296,18.71,INR
3297,29.66,USD
3298,20.97,USD
3299,40.03,USD
3300,6.95,INR
3301,30.72,INR
3302,29.16,INR
3303,34.53,INR
3304,26.31,USD
3305,17.26,INR
3306,38.16,INR
3307,49.77,INR
3308,11.59,USD
3309,34.06,USD
3310,40.77,INR
3311,42.82,USD
3312,9.84,USD
3313,47.4,INR
3314,38.18,INR
3315,15.22,INR
3316,9.44,INR
3317,7.44,INR
3318,12.27,INR
3319,30.34,INR
3320,11.7,INR
3321,39.42,INR
3322,32.97,USD
3323,44.51,USD
3324,33.75,INR
3325,16.63,USD
3326,21.61,INR
3327,32.63,INR
3328,24.69,USD
3329,16.24,USD
3330,25.65,USD
3331,21.72,USD
3332,34.43,INR
3333,48.68,INR
3334,13.15,USD
3335,9.14,USD
3336,19.22,INR
3337,19.71,USD
3338,11.0,INR
3339,47.13,INR
3340,47.35,INR
3341,34.74,INR
3342,48.06,INR
3343,9.27,INR
3344,21.81,USD
3345,31.07,USD
3346,10.93,INR
3347,30.74,INR
3348,48.04,INR
3349,20.36,USD
3350,5.87,INR
3351,43.15,USD
3352,40.03,USD
3353,32.62,USD
3354,22.23,USD
3355,31.88,INR
3356,21.18,USD
3357,8.88,INR
3358,43.23,INR
3359,37.06,USD
3360,6.94,USD
3361,10.84,INR
3362,36.99,USD
3363,38.37,USD
3364,22.79,USD
3365,44.07,USD
3366,19.17,INR
3367,9.25,USD
3368,11.35,USD
3369,18.41,USD
3370,43.47,USD
3371,11.77,INR
3372,22.85,USD
3373,17.59,USD
3374,38.96,INR
3375,10.02,INR
3376,16.85,INR
3377,30.18,USD
3378,16.45,INR
3379,10.63,INR
3380,38.1,INR
3381,41.45,USD
3382,33.4,INR
3383,16.93,USD
3384,13.15,INR
3385,21.62,USD
3386,22.99,USD
3387,6.66,INR
3388,5.08,USD
3389,12.82,USD
3390,22.79,INR
3391,23.2,USD
3392,8.34,USD
3393,18.93,USD
3394,10.09,INR
3395,32.44,USD
3396,40.58,INR
3397,38.73,USD
3398,6.47,USD
3399,25.16,USD
3400,18.94,INR
3401,38.52,INR
3402,22.5,USD
3403,31.55,USD
3404,9.76,INR
3405,5.03,INR
3406,23.2,USD
3407,10.49,INR
3408,21.06,INR
3409,27.98,USD
3410,47.97,USD
3411,12.96,USD
3412,7.49,USD
3413,37.22,INR
3414,43.27,INR
3415,43.37,USD
3416,35.01,USD
3417,47.33,INR
3418,19.44,INR
3419,23.37,INR
3420,17.28,USD
3421,40.5,INR
3422,44.41,USD
3423,17.35,INR
3424,39.89,USD
3425,20.92,INR
3426,26.59,INR
3427,18.89,USD
3428,43.99,USD
3429,48.35,INR
3430,7.35,INR
3431,5.15,INR
3432,46.15,INR
3433,43.75,USD
3434,6.92,INR
3435,17.49,INR
3436,20.67,INR
3437,35.99,INR
3438,20.43,USD
3439,32.1,INR
3440,15.68,INR
3441,15.95,INR
3442,18.7,USD
3443,48.99,USD
3444,9.74,INR
3445,36.87,USD
3446,30.43,USD
3447,6.33,USD
3448,37.43,USD
3449,42.27,INR
3450,17.99,USD
3451,28.36,INR
3452,37.36,USD
3453,29.9,USD
3454,35.75,INR
3455,29.17,USD
3456,13.88,USD
3457,22.03,INR
3458,27.32,USD
3459,38.31,USD
3460,41.51,INR
3461,29.77,USD
3462,20.15,INR
3463,29.1,USD
3464,36.34,INR
3465,11.11,USD
3466,36.95,USD
3467,29.43,INR
3468,10.02,USD
3469,12.54,USD
3470,45.39,USD
3471,37.7,USD
3472,14.76,USD
3473,46.43,INR
3474,28.73,USD
3475,48.52,USD
3476,6.88,INR
3477,37.76,USD
3478,27.75,USD
3479,11.59,USD
3480,32.9,INR
3481,27.8,INR
3482,14.79,USD
3483,10.98,INR
3484,37.34,USD
3485,30.05,INR
3486,44.73,USD
3487,6.55,USD
3488,5.89,USD
3489,38.77,USD
3490,40.0,INR
3491,27.88,USD
3492,15.12,USD
3493,38.84,INR
3494,42.05,USD
3495,39.66,INR
3496,46.63,USD
3497,8.03,INR
3498,44.57,USD
3499,18.84,USD
3500,12.33,INR
3501,24.72,USD
3502,18.98,INR
3503,32.67,USD
3504,47.04,USD
3505,40.28,INR
3506,25.16,INR
3507,9.6,INR
3508,7.92,USD
3509,39.52,INR
3510,27.17,INR
3511,35.36,USD
3512,39.62,INR
3513,8.81,USD
3514,29.22,INR
3515,13.73,USD
3516,48.7,USD
3517,26.43,USD
3518,46.35,USD
3519,32.03,USD
3520,13.67,USD
3521,47.21,INR
3522,48.32,INR
3523,26.52,USD
3524,29.52,INR
3525,18.66,USD
3526,25.25,INR
3527,22.56,INR
3528,23.67,USD
3529,19.48,INR
3530,39.0,USD
3531,34.17,USD
3532,12.38,USD
3533,44.5,USD
3534,14.57,USD
3535,39.21,INR
3536,10.01,USD
3537,20.77,USD
3538,33.14,USD
3539,15.07,INR
3540,30.17,INR
3541,21.96,USD
3542,49.68,USD
3543,5.03,USD
3544,43.88,USD
3545,19.13,USD
3546,21.63,INR
3547,16.75,INR
3548,39.16,INR
3549,44.66,USD
3550,31.42,INR
3551,31.56,USD
3552,43.67,USD
3553,7.23,INR
3554,15.77,USD
3555,40.07,USD
3556,17.44,USD
3557,47.3,INR
3558,18.17,INR
3559,24.6,INR
3560,9.19,INR
3561,16.38,USD
3562,35.03,USD
3563,34.72,USD
3564,48.63,USD
3565,34.85,USD
3566,29.73,INR
3567,23.78,USD
3568,49.29,INR
3569,13.65,INR
3570,21.24,INR
3571,5.57,USD
3572,23.87,INR
3573,40.92,USD
3574,16.4,USD
3575,36.13,INR
3576,22.91,INR
3577,43.25,USD
3578,5.71,INR
3579,19.25,USD
3580,6.72,INR
3581,45.51,INR
3582,22.97,USD
3583,16.34,USD
3584,48.0,USD
3585,42.23,INR
3586,35.34,INR
3587,27.75,USD
3588,45.65,INR
3589,48.38,USD
3590,6.63,USD
3591,13.94,INR
3592,49.04,INR
3593,45.8,USD
3594,35.91,USD
3595,15.09,USD
3596,32.53,INR
3597,17.06,USD
3598,25.75,USD
3599,5.08,USD
3600,39.59,USD
3601,45.05,USD
3602,5.24,USD
3603,37.04,USD
3604,9.07,INR
3605,33.07,USD
3606,45.67,INR
3607,26.35,USD
3608,12.9,USD
3609,8.56,INR
3610,21.45,INR
3611,22.77,USD
3612,17.05,INR
3613,12.06,INR
3614,26.41,INR
3615,33.97,USD
3616,35.37,INR
3617,18.41,INR
3618,47.66,USD
3619,48.41,INR
3620,20.92,USD
3621,23.22,USD
3622,47.15,USD
3623,18.15,INR
3624,42.56,USD
3625,42.67,INR
3626,46.61,USD
3627,26.64,USD
3628,40.73,INR
3629,19.14,INR
3630,45.87,INR
3631,20.12,USD
3632,18.55,USD
3633,13.1,INR
3634,48.25,INR
3635,39.07,USD
3636,44.65,USD
3637,49.93,INR
3638,42.56,USD
3639,46.76,USD
3640,14.75,INR
3641,12.77,USD
3642,26.97,INR
3643,44.11,USD
3644,46.47,INR
3645,43.02,USD
3646,19.59,USD
3647,43.71,USD
3648,21.2,USD
3649,7.67,USD
3650,22.29,USD
3651,45.56,INR
3652,38.82,USD
3653,25.3,INR
3654,21.89,USD
3655,37.93,USD
3656,6.2,INR
3657,42.92,INR
3658,33.54,USD
3659,19.2,INR
3660,25.29,INR
3661,6.4,USD
3662,25.92,USD
3663,34.86,INR
3664,31.05,INR
3665,30.94,USD
3666,20.53,USD
3667,11.33,USD
3668,10.56,USD
3669,30.79,INR
3670,18.23,INR
3671,20.54,USD
3672,39.27,USD
3673,34.45,USD
3674,11.75,USD
3675,40.28,INR
3676,9.34,INR
3677,11.8,INR
3678,38.72,INR
3679,14.23,INR
3680,47.43,INR
3681,28.22,USD
3682,20.06,USD
3683,28.87,INR
3684,9.83,USD
3685,13.53,INR
3686,45.26,INR
3687,17.11,USD
3688,37.83,USD
3689,46.5,USD
3690,15.59,INR
3691,43.66,INR
3692,42.09,USD
3693,14.49,USD
3694,33.98,INR
3695,12.22,USD
3696,41.31,INR
3697,8.39,USD
3698,43.82,INR
3699,36.74,INR
3700,36.74,USD
3701,21.64,INR
3702,26.27,USD
3703,7.83,USD
3704,34.06,USD
3705,15.4,USD
3706,46.42,INR
3707,34.73,INR
3708,49.86,USD
3709,46.28,INR
3710,13.54,INR
3711,16.6,USD
3712,35.83,INR
3713,21.81,USD
3714,14.06,USD
3715,31.7,INR
3716,35.47,USD
3717,28.23,USD
3718,44.91,USD
3719,25.88,USD
3720,8.72,INR
3721,7.74,USD
3722,34.52,INR
3723,49.28,USD
3724,26.76,INR
3725,33.99,INR
3726,38.22,INR
3727,46.33,INR
3728,32.16,INR
3729,43.47,INR
3730,30.48,INR
3731,47.77,USD
3732,34.81,USD
3733,14.1,INR
3734,39.14,USD
3735,46.27,USD
3736,40.28,INR
3737,21.79,USD
3738,36.97,INR
3739,33.92,USD
3740,26.64,INR
3741,45.61,INR
3742,21.45,INR
3743,9.38,INR
3744,15.6,USD
3745,24.25,INR
3746,31.23,INR
3747,14.35,INR
3748,16.33,USD
3749,17.94,INR
3750,33.63,USD
3751,35.48,USD
3752,31.9,INR
3753,18.32,INR
3754,41.19,INR
3755,38.37,USD
3756,8.94,USD
3757,16.73,INR
3758,5.72,INR
3759,18.3,INR
3760,46.48,INR
3761,10.31,USD
3762,21.37,INR
3763,12.32,USD
3764,42.33,INR
3765,6.19,USD
3766,15.41,INR
3767,17.35,INR
3768,19.06,USD
3769,6.56,USD
3770,36.96,USD
3771,29.33,INR
3772,20.75,INR
3773,36.86,INR
3774,17.47,INR
3775,25.05,INR
3776,29.63,INR
3777,14.61,USD
3778,29.14,USD
3779,5.7,INR
3780,38.81,USD
3781,23.5,INR
3782,31.65,INR
3783,6.91,USD
3784,5.88,USD
3785,25.56,USD
3786,33.2,USD
3787,12.92,INR
3788,47.86,INR
3789,48.49,USD
3790,44.89,INR
3791,8.16,USD
3792,6.65,USD
3793,42.22,INR
3794,13.77,USD
3795,34.32,INR
3796,17.6,USD
3797,12.39,INR
3798,29.92,USD
3799,42.97,INR
3800,24.85,INR
3801,17.75,INR
3802,46.43,INR
3803,32.72,INR
3804,31.59,INR
3805,45.36,INR
3806,10.49,USD
3807,41.76,USD
3808,48.88,USD
3809,15.66,USD
3810,46.09,INR
3811,38.89,INR
3812,35.69,USD
3813,7.04,USD
3814,18.83,USD
3815,39.13,INR
3816,14.77,INR
3817,31.26,USD
3818,46.94,USD
3819,29.56,INR
3820,24.87,USD
3821,42.31,USD
3822,22.42,INR
3823,14.44,USD
3824,31.84,USD
3825,45.55,USD
3826,28.54,USD
3827,36.82,USD
3828,24.93,INR
3829,29.55,USD
3830,45.92,INR
3831,38.31,INR
3832,11.41,USD
3833,33.65,INR
3834,39.2,USD
3835,32.31,USD
3836,21.65,INR
3837,29.47,INR
3838,22.61,USD
3839,32.34,USD
3840,38.45,USD
3841,25.67,INR
3842,19.85,INR
3843,27.96,INR
3844,38.38,INR
3845,17.32,USD
3846,35.47,INR
3847,25.2,INR
3848,42.37,USD
3849,11.31,USD
3850,24.46,USD
3851,37.35,INR
3852,27.17,INR
3853,35.7,INR
3854,8.0,USD
3855,15.36,USD
3856,7.76,INR
3857,41.27,INR
3858,44.27,USD
3859,21.93,USD
3860,19.59,USD
3861,35.68,USD
3862,10.67,USD
3863,6.52,INR
3864,21.35,USD
3865,15.17,USD
3866,44.56,INR
3867,11.3,INR
3868,10.4,USD
3869,35.27,USD
3870,19.3,USD
3871,42.22,USD
3872,40.59,USD
3873,48.93,USD
3874,46.15,INR
3875,9.79,USD
3876,31.92,USD
3877,39.11,USD
3878,18.13,INR
3879,9.23,USD
3880,34.19,INR
3881,36.68,INR
3882,48.62,USD
3883,14.58,USD
3884,47.26,USD
3885,17.19,INR
3886,43.18,USD
3887,20.7,INR
3888,29.12,USD
3889,36.6,INR
3890,12.71,INR
3891,27.56,INR
3892,20.59,USD
3893,30.56,INR
3894,23.54,INR
3895,28.54,INR
3896,7.4,INR
3897,42.2,USD
3898,35.77,USD
3899,45.53,INR
3900,5.47,INR
3901,44.63,USD
3902,24.58,INR
3903,42.97,USD
3904,14.45,INR
3905,39.9,USD
3906,8.07,USD
3907,34.88,INR
3908,8.36,INR
3909,17.09,INR
3910,23.39,USD
3911,49.52,USD
3912,5.25,USD
3913,24.94,USD
3914,10.43,INR
3915,48.27,INR
3916,7.65,USD
3917,12.97,USD
3918,43.1,INR
3919,8.19,USD
3920,25.41,USD
3921,43.42,USD
3922,47.18,USD
3923,15.53,USD
3924,37.3,USD
3925,26.26,USD
3926,16.83,INR
3927,47.17,INR
3928,46.04,INR
3929,35.57,USD
3930,5.22,INR
3931,26.75,USD
3932,16.03,USD
3933,41.99,INR
3934,13.11,INR
3935,38.25,USD
3936,31.66,USD
3937,40.6,INR
3938,21.62,INR
3939,21.8,INR
3940,35.18,USD
3941,24.19,INR
3942,47.44,USD
3943,31.85,INR
3944,23.41,INR
3945,33.75,INR
3946,18.6,INR
3947,38.26,INR
3948,46.89,INR
3949,14.64,USD
3950,24.38,INR
3951,10.62,INR
3952,28.67,INR
3953,16.4,USD
3954,33.32,INR
3955,33.53,USD
3956,32.25,USD
3957,23.77,INR
3958,49.19,INR
3959,38.74,INR
3960,14.48,USD
3961,25.88,INR
3962,19.61,INR
3963,20.78,USD
3964,18.92,INR
3965,36.18,USD
3966,21.06,INR
3967,10.69,INR
3968,32.47,USD
3969,8.08,USD
3970,29.16,INR
3971,38.27,USD
3972,39.3,USD
3973,23.9,INR
3974,47.14,USD
3975,49.49,INR
3976,12.9,USD
3977,43.07,INR
3978,11.02,INR
3979,15.52,USD
3980,27.34,INR
3981,13.48,USD
3982,10.14,USD
3983,18.82,INR
3984,39.75,INR
3985,6.48,INR
3986,45.13,INR
3987,43.62,INR
3988,28.36,INR
3989,31.25,INR
3990,11.81,INR
3991,36.74,USD
3992,14.68,USD
3993,9.81,INR
3994,19.17,USD
3995,21.23,USD
3996,34.12,INR
3997,32.09,USD
3998,12.93,INR
3999,49.98,USD
4000,18.72,USD
4001,26.26,USD
4002,19.03,USD
4003,7.94,USD
4004,10.14,INR
4005,36.39,USD
4006,39.8,INR
4007,23.23,USD
4008,9.88,USD
4009,45.26,INR
4010,48.65,USD
4011,10.37,INR
4012,33.47,USD
4013,20.3,USD
4014,49.18,INR
4015,33.27,USD
4016,45.99,INR
4017,10.74,USD
4018,49.98,USD
4019,34.19,USD
4020,5.38,INR
4021,29.83,INR
4022,10.75,USD
4023,34.49,USD
4024,8.07,INR
4025,25.88,USD
4026,9.15,INR
4027,26.92,USD
4028,23.52,USD
4029,20.1,INR
4030,39.89,INR
4031,21.85,INR
4032,35.06,INR
4033,43.23,INR
4034,17.68,INR
4035,9.29,USD
4036,9.69,USD
4037,30.06,USD
4038,17.8,INR
4039,5.98,USD
4040,9.72,INR
4041,14.88,USD
4042,13.25,USD
4043,29.28,INR
4044,40.59,USD
4045,34.76,USD
4046,43.54,INR
4047,35.12,INR
4048,26.56,INR
4049,44.11,INR
4050,45.15,INR
4051,10.64,INR
4052,23.61,USD
4053,41.98,INR
4054,36.89,USD
4055,21.41,INR
4056,22.25,USD
4057,45.3,USD
4058,15.33,USD
4059,47.01,INR
4060,48.74,INR
4061,35.38,USD
4062,5.63,USD
4063,31.19,USD
4064,7.43,INR
4065,49.06,INR
4066,45.75,USD
4067,37.05,USD
4068,22.52,USD
4069,25.59,USD
4070,11.29,USD
4071,6.72,USD
4072,19.15,USD
4073,25.13,INR
4074,26.27,USD
4075,7.89,USD
4076,26.08,INR
4077,10.25,INR
4078,49.48,INR
4079,11.91,INR
4080,21.31,USD
4081,46.72,INR
4082,41.87,USD
4083,20.27,INR
4084,14.46,USD
4085,17.01,USD
4086,41.88,USD
4087,30.49,INR
4088,34.55,USD
4089,37.28,INR
4090,16.88,INR
4091,5.86,INR
4092,33.14,INR
4093,7.6,INR
4094,6.06,USD
4095,46.56,INR
4096,31.35,USD
4097,12.72,INR
4098,35.64,USD
4099,5.96,INR
4100,29.17,USD
4101,22.33,INR
4102,47.94,INR
4103,45.1,INR
4104,36.77,INR
4105,33.21,USD
4106,50.0,USD
4107,7.12,USD
4108,19.28,INR
4109,45.37,USD
4110,24.98,USD
4111,46.94,INR
4112,20.56,USD
4113,35.39,INR
4114,32.17,USD
4115,43.06,USD
4116,35.4,USD
4117,42.47,INR
4118,18.85,INR
4119,25.93,USD
4120,30.43,USD
4121,11.76,USD
4122,19.68,USD
4123,45.59,INR
4124,25.82,USD
4125,15.44,USD
4126,37.65,INR
4127,19.52,USD
4128,16.37,USD
4129,47.92,INR
4130,31.01,USD
4131,19.86,USD
4132,38.78,INR
4133,7.73,INR
4134,35.73,USD
4135,23.1,INR
4136,44.08,INR
4137,18.76,USD
4138,29.95,INR
4139,21.56,INR
4140,37.23,INR
4141,44.55,USD
4142,25.28,USD
4143,46.85,INR
4144,37.4,INR
4145,32.66,USD
4146,15.35,INR
4147,34.29,INR
4148,18.4,USD
4149,32.18,USD
4150,40.47,USD
4151,44.14,INR
4152,5.94,USD
4153,47.37,USD
4154,41.1,USD
4155,41.94,USD
4156,10.21,USD
4157,13.6,USD
4158,24.14,INR
4159,12.58,INR
4160,7.41,USD
4161,42.72,INR
4162,39.91,USD
4163,37.25,USD
4164,49.9,USD
4165,17.84,USD
4166,9.13,INR
4167,13.96,INR
4168,19.74,INR
4169,41.78,INR
4170,46.69,INR
4171,14.48,INR
4172,12.72,USD
4173,39.96,INR
4174,25.88,USD
4175,31.85,INR
4176,22.76,INR
4177,12.83,USD
4178,10.18,INR
4179,49.4,INR
4180,19.61,USD
4181,32.27,INR
4182,15.4,USD
4183,11.28,INR
4184,44.19,USD
4185,11.97,USD
4186,13.07,INR
4187,16.62,INR
4188,40.64,INR
4189,42.16,INR
4190,13.13,USD
4191,46.91,USD
4192,23.67,USD
4193,25.28,INR
4194,8.72,USD
4195,8.88,INR
4196,48.66,USD
4197,29.48,USD
4198,37.81,INR
4199,21.57,INR
4200,32.18,INR
4201,24.17,USD
4202,22.87,USD
4203,42.02,USD
4204,5.43,USD
4205,37.95,USD
4206,44.68,INR
4207,49.68,USD
4208,7.9,USD
4209,45.22,INR
4210,24.3,USD
4211,17.22,INR
4212,35.73,USD
4213,24.28,USD
4214,10.68,USD
4215,26.21,INR
4216,48.41,INR
4217,21.92,INR
4218,25.02,INR
4219,46.54,USD
4220,47.92,USD
4221,6.07,USD
4222,39.82,USD
4223,17.43,USD
4224,10.84,INR
4225,13.13,INR
4226,40.78,USD
4227,38.44,USD
4228,20.12,USD
4229,29.31,USD
4230,48.71,INR
4231,10.85,USD
4232,37.39,USD
4233,14.88,INR
4234,33.38,USD
4235,35.72,USD
4236,19.32,USD
4237,19.27,INR
4238,14.2,USD
4239,29.34,USD
4240,7.11,INR
4241,22.37,USD
4242,18.99,USD
4243,17.0,USD
4244,19.26,INR
4245,13.28,USD
4246,7.75,INR
4247,43.73,USD
4248,33.43,INR
4249,31.29,USD
4250,39.29,INR
4251,32.68,USD
4252,12.92,INR
4253,20.36,INR
4254,14.07,INR
4255,25.75,INR
4256,12.94,USD
4257,18.51,USD
4258,25.93,INR
4259,24.07,INR
4260,5.72,USD
4261,32.4,INR
4262,43.13,USD
4263,47.47,USD
4264,39.28,USD
4265,12.6,USD
4266,43.78,USD
4267,33.03,USD
4268,7.72,INR
4269,13.97,USD
4270,35.1,USD
4271,48.24,USD
4272,31.45,INR
4273,24.23,INR
4274,33.74,USD
4275,44.0,INR
4276,27.26,INR
4277,6.95,INR
4278,42.2,INR
4279,48.4,USD
4280,24.62,USD
4281,44.0,USD
4282,23.62,INR
4283,37.12,USD
4284,29.4,INR
4285,14.47,USD
4286,27.42,INR
4287,20.8,USD
4288,16.32,INR
4289,33.01,INR
4290,43.48,USD
4291,17.39,INR
4292,39.96,USD
4293,35.13,USD
4294,8.59,USD
4295,37.44,INR
4296,44.36,INR
4297,9.6,USD
4298,46.13,INR
4299,14.19,INR
4300,27.29,INR
4301,5.45,INR
4302,34.09,USD
4303,22.47,USD
4304,25.25,INR
4305,31.38,USD
4306,22.81,INR
4307,5.86,INR
4308,25.92,INR
4309,48.34,INR
4310,45.85,USD
4311,11.93,INR
4312,38.16,USD
4313,5.54,USD
4314,16.06,USD
4315,49.08,USD
4316,38.07,INR
4317,8.35,INR
4318,15.92,USD
4319,29.69,USD
4320,38.02,INR
4321,29.66,INR
4322,36.28,USD
4323,6.88,USD
4324,40.22,INR
4325,32.23,USD
4326,49.14,USD
4327,29.89,USD
4328,32.64,USD
4329,22.06,INR
4330,33.92,USD
4331,43.06,USD
4332,48.78,USD
4333,47.05,USD
4334,43.68,INR
4335,36.6,USD
4336,20.9,INR
4337,48.14,USD
4338,48.8,INR
4339,36.86,INR
4340,16.37,INR
4341,39.48,USD
4342,36.39,INR
4343,21.78,USD
4344,5.97,USD
4345,40.48,INR
4346,10.71,INR
4347,20.87,USD
4348,12.89,INR
4349,22.03,INR
4350,24.27,INR
4351,11.49,USD
4352,40.63,USD
4353,9.72,INR
4354,24.78,USD
4355,40.53,INR
4356,10.76,USD
4357,29.19,INR
4358,7.22,INR
4359,14.83,USD
4360,38.93,USD
4361,5.01,USD
4362,17.85,INR
4363,22.11,INR
4364,36.83,INR
4365,13.21,INR
4366,20.15,USD
4367,31.8,USD
4368,47.43,INR
4369,37.42,USD
4370,16.93,INR
4371,46.8,INR
4372,17.46,USD
4373,28.28,USD
4374,13.61,USD
4375,42.34,USD
4376,32.78,INR
4377,38.88,INR
4378,37.09,USD
4379,44.61,INR
4380,21.13,USD
4381,12.16,INR
4382,38.95,INR
4383,24.55,INR
4384,8.73,INR
4385,37.64,INR
4386,41.61,USD
4387,47.67,USD
4388,36.22,INR
4389,31.98,USD
4390,31.94,USD
4391,45.75,INR
4392,44.31,INR
4393,18.06,INR
4394,24.58,INR
4395,42.9,USD
4396,9.99,INR
4397,29.65,USD
4398,27.43,USD
4399,25.28,INR
4400,29.96,INR
4401,16.35,USD
4402,31.4,INR
4403,45.81,USD
4404,47.62,INR
4405,20.91,INR
4406,20.04,USD
4407,23.18,INR
4408,33.34,INR
4409,30.07,INR
4410,47.22,INR
4411,5.33,INR
4412,27.1,INR
4413,8.43,USD
4414,7.18,USD
4415,43.0,INR
4416,23.28,USD
4417,31.96,INR
4418,6.1,USD
4419,23.92,USD
4420,6.4,USD
4421,15.93,INR
4422,22.06,INR
4423,7.82,INR
4424,48.84,INR
4425,14.89,USD
4426,43.31,INR
4427,40.18,INR
4428,27.23,USD
4429,5.94,INR
4430,31.03,USD
4431,40.51,INR
4432,31.51,USD
4433,13.69,INR
4434,16.55,USD
4435,13.99,INR
4436,31.56,INR
4437,48.84,INR
4438,26.73,USD
4439,46.27,USD
4440,32.68,USD
4441,37.48,USD
4442,13.67,USD
4443,28.79,INR
4444,18.65,INR
4445,6.04,INR
4446,11.91,INR
4447,6.34,INR
4448,28.99,INR
4449,36.31,INR
4450,13.62,USD
4451,28.85,USD
4452,5.81,INR
4453,43.12,USD
4454,18.98,INR
4455,14.38,USD
4456,15.36,USD
4457,25.68,USD
4458,10.03,USD
4459,34.96,INR
4460,6.07,USD
4461,13.26,INR
4462,31.5,USD
4463,36.21,INR
4464,36.86,INR
4465,17.94,USD
4466,14.99,USD
4467,49.29,INR
4468,11.89,INR
4469,45.13,USD
4470,34.29,USD
4471,5.83,INR
4472,21.44,USD
4473,37.52,INR
4474,46.33,USD
4475,8.6,INR
4476,5.24,INR
4477,37.91,USD
4478,35.69,INR
4479,7.16,INR
4480,18.4,USD
4481,17.16,INR
4482,20.75,INR
4483,37.59,INR
4484,30.53,USD
4485,42.77,USD
4486,10.77,USD
4487,31.77,USD
4488,7.96,USD
4489,12.39,USD
4490,21.26,INR
4491,34.92,INR
4492,38.46,INR
4493,32.25,USD
4494,15.33,USD
4495,31.72,USD
4496,8.07,INR
4497,42.57,INR
4498,33.1,USD
4499,24.34,INR
4500,19.52,INR
4501,16.04,USD
4502,24.75,USD
4503,25.28,USD
4504,22.4,USD
4505,34.25,INR
4506,6.0,USD
4507,42.25,USD
4508,29.9,USD
4509,26.12,USD
4510,11.54,USD
4511,46.19,USD
4512,29.43,USD
4513,7.53,INR
4514,49.77,USD
4515,20.38,INR
4516,40.47,USD
4517,22.73,USD
4518,26.48,USD
4519,28.02,USD
4520,35.62,INR
4521,12.9,INR
4522,47.25,INR
4523,28.72,USD
4524,9.84,USD
4525,46.51,INR
4526,29.86,INR
4527,14.17,USD
4528,7.67,INR
4529,27.13,USD
4530,10.25,INR
4531,48.93,INR
4532,7.58,INR
4533,9.33,USD
4534,8.29,USD
4535,22.19,INR
4536,35.74,USD
4537,29.17,INR
4538,27.13,INR
4539,43.54,INR
4540,24.2,USD
4541,26.21,INR
4542,39.77,USD
4543,44.53,USD
4544,31.81,USD
4545,46.34,USD
4546,21.25,USD
4547,37.64,USD
4548,44.46,USD
4549,43.94,USD
4550,12.43,USD
4551,47.53,INR
4552,46.97,INR
4553,28.71,USD
4554,15.95,INR
4555,20.04,USD
4556,43.28,INR
4557,36.7,INR
4558,22.37,INR
4559,42.18,INR
4560,38.95,INR
4561,9.76,USD
4562,41.61,INR
4563,42.35,USD
4564,15.4,USD
4565,46.49,USD
4566,20.96,USD
4567,46.71,INR
4568,31.62,INR
4569,45.28,INR
4570,36.36,USD
4571,37.81,USD
4572,28.74,INR
4573,43.04,INR
4574,7.16,USD
4575,15.9,USD
4576,42.91,USD
4577,34.27,INR
4578,30.2,USD
4579,23.17,INR
4580,20.79,USD
4581,17.52,USD
4582,35.61,INR
4583,16.42,INR
4584,23.9,USD
4585,17.63,INR
4586,24.72,INR
4587,37.97,USD
4588,9.39,USD
4589,5.26,INR
4590,19.89,INR
4591,40.88,USD
4592,32.92,USD
4593,20.22,USD
4594,41.99,INR
4595,38.6,INR
4596,25.16,INR
4597,22.88,USD
4598,14.48,USD
4599,36.46,USD
4600,22.62,USD
4601,17.54,USD
4602,28.64,USD
4603,22.02,INR
4604,49.2,INR
4605,26.04,USD
4606,48.14,USD
4607,37.53,USD
4608,44.51,INR
4609,8.38,USD
4610,9.57,USD
4611,20.22,USD
4612,40.08,INR
4613,37.81,INR
4614,27.11,INR
4615,35.15,INR
4616,15.15,USD
4617,45.83,INR
4618,14.93,INR
4619,5.66,USD
4620,29.47,INR
4621,28.63,INR
4622,8.51,INR
4623,32.21,INR
4624,13.51,INR
4625,41.75,USD
4626,38.62,USD
4627,45.89,INR
4628,43.62,INR
4629,19.05,INR
4630,16.38,USD
4631,39.68,USD
4632,10.86,USD
4633,8.83,USD
4634,29.6,USD
4635,44.32,INR
4636,15.37,USD
4637,30.65,INR
4638,6.72,USD
4639,38.27,INR
4640,41.35,INR
4641,16.78,INR
4642,8.68,USD
4643,38.02,USD
4644,10.18,USD
4645,11.55,USD
4646,30.64,INR
4647,12.34,INR
4648,10.07,INR
4649,32.76,USD
4650,43.01,USD
4651,47.85,USD
4652,5.32,USD
4653,12.08,INR
4654,47.76,USD
4655,12.35,INR
4656,11.09,INR
4657,19.87,USD
4658,18.8,INR
4659,35.29,INR
4660,10.57,USD
4661,5.36,INR
4662,49.96,USD
4663,39.36,USD
4664,6.54,USD
4665,14.96,USD
4666,25.92,USD
4667,33.85,INR
4668,19.62,USD
4669,46.89,INR
4670,30.23,INR
4671,8.37,INR
4672,12.78,USD
4673,38.78,INR
4674,18.13,USD
4675,6.89,USD
4676,5.24,INR
4677,36.53,USD
4678,37.16,USD
4679,9.86,INR
4680,22.09,INR
4681,20.55,USD
4682,43.46,USD
4683,43.92,INR
4684,38.95,INR
4685,20.25,INR
4686,43.66,INR
4687,48.75,INR
4688,21.63,INR
4689,7.22,INR
4690,36.61,USD
4691,34.11,INR
4692,40.82,USD
4693,29.66,USD
4694,15.35,INR
4695,39.73,INR
4696,28.87,USD
4697,29.71,USD
4698,41.54,USD
4699,42.79,USD
4700,40.17,USD
4701,12.69,USD
4702,39.02,INR
4703,32.25,INR
4704,19.2,INR
4705,34.01,USD
4706,31.62,INR
4707,48.81,INR
4708,21.1,USD
4709,19.98,USD
4710,33.49,USD
4711,18.0,INR
4712,38.42,USD
4713,6.13,INR
4714,10.71,INR
4715,17.46,INR
4716,17.34,USD
4717,15.87,USD
4718,23.8,USD
4719,29.03,INR
4720,42.5,USD
4721,25.56,USD
4722,23.07,USD
4723,18.17,INR
4724,48.73,USD
4725,49.53,USD
4726,19.26,USD
4727,17.81,USD
4728,19.46,INR
4729,33.23,USD
4730,10.19,INR
4731,27.49,USD
4732,27.02,INR
4733,47.1,USD
4734,39.71,INR
4735,21.34,USD
4736,30.93,INR
4737,30.61,USD
4738,23.47,INR
4739,42.37,USD
4740,32.16,USD
4741,37.57,USD
4742,31.15,INR
4743,33.0,USD
4744,19.68,INR
4745,14.96,USD
4746,9.33,INR
4747,5.48,INR
4748,6.01,INR
4749,32.59,USD
4750,45.62,USD
4751,23.93,USD
4752,20.72,USD
4753,32.68,USD
4754,28.77,INR
4755,26.17,USD
4756,45.06,INR
4757,17.09,USD
4758,49.79,USD
4759,7.77,USD
4760,7.35,USD
4761,42.75,USD
4762,43.59,USD
4763,16.56,INR
4764,9.09,INR
4765,12.36,INR
4766,22.51,INR
4767,41.19,USD
4768,26.98,USD
4769,9.41,USD
4770,26.11,USD
4771,49.7,INR
4772,45.29,INR
4773,37.71,USD
4774,10.37,INR
4775,31.32,INR
4776,43.98,INR
4777,26.13,USD
4778,14.29,INR
4779,24.85,INR
4780,24.48,USD
4781,25.9,INR
4782,20.32,INR
4783,27.55,INR
4784,18.11,INR
4785,31.7,INR
4786,49.73,USD
4787,40.32,INR
4788,41.9,USD
4789,20.47,INR
4790,13.54,USD
4791,36.37,INR
4792,47.25,INR
4793,5.3,USD
4794,46.12,INR
4795,43.53,USD
4796,37.98,USD
4797,23.32,USD
4798,43.53,USD
4799,46.95,USD
4800,48.34,USD
4801,6.8,INR
4802,36.2,USD
4803,7.98,USD
4804,23.03,INR
4805,34.68,INR
4806,13.35,USD
4807,33.41,USD
4808,34.8,INR
4809,31.62,INR
4810,15.19,INR
4811,43.57,INR
4812,28.44,INR
4813,15.23,INR
4814,10.26,USD
4815,40.2,USD
4816,37.56,INR
4817,6.55,INR
4818,7.89,INR
4819,48.85,INR
4820,15.48,INR
4821,39.35,USD
4822,36.57,INR
4823,20.26,USD
4824,28.44,USD
4825,15.23,USD
4826,21.26,INR
4827,13.34,INR
4828,30.52,INR
4829,9.72,USD
4830,21.28,INR
4831,22.8,INR
4832,23.82,USD
4833,44.46,USD
4834,5.01,INR
4835,28.21,USD
4836,20.02,INR
4837,43.81,INR
4838,43.16,USD
4839,34.56,USD
4840,34.01,USD
4841,21.88,USD
4842,48.3,INR
4843,13.79,INR
4844,38.34,INR
4845,21.1,INR
4846,22.35,USD
4847,35.0,USD
4848,12.42,INR
4849,42.7,USD
4850,48.17,INR
4851,9.39,USD
4852,35.96,USD
4853,18.47,USD
4854,6.22,INR
4855,32.44,USD
4856,17.16,INR
4857,24.4,INR
4858,40.42,USD
4859,47.72,USD
4860,12.74,INR
4861,17.18,INR
4862,11.48,INR
4863,30.79,USD
4864,43.88,USD
4865,27.0,INR
4866,7.49,INR
4867,16.75,USD
4868,9.14,INR
4869,7.78,INR
4870,49.24,USD
4871,33.42,INR
4872,14.67,USD
4873,36.16,INR
4874,23.43,USD
4875,5.51,USD
4876,48.02,INR
4877,18.41,USD
4878,42.67,INR
4879,44.75,USD
4880,23.6,USD
4881,30.36,USD
4882,23.03,INR
4883,21.34,USD
4884,9.34,USD
4885,41.32,USD
4886,46.0,USD
4887,16.88,USD
4888,8.67,INR
4889,20.26,USD
4890,14.39,INR
4891,27.83,USD
4892,22.1,INR
4893,20.45,USD
4894,25.02,INR
4895,16.0,INR
4896,5.31,INR
4897,11.05,USD
4898,30.57,INR
4899,39.83,USD
4900,47.16,INR
4901,14.37,INR
4902,18.37,INR
4903,8.8,INR
4904,44.56,USD
4905,16.85,INR
4906,8.8,INR
4907,40.88,INR
4908,32.48,INR
4909,38.36,USD
4910,44.16,USD
4911,41.66,USD
4912,15.52,INR
4913,35.57,INR
4914,35.05,INR
4915,13.66,INR
4916,10.18,INR
4917,6.49,USD
4918,12.18,USD
4919,10.06,USD
4920,6.52,USD
4921,35.22,INR
4922,36.09,INR
4923,44.04,INR
4924,49.55,USD
4925,18.33,USD
4926,23.0,INR
4927,47.1,INR
4928,17.31,INR
4929,36.24,INR
4930,8.19,USD
4931,39.72,USD
4932,17.78,USD
4933,6.77,INR
4934,28.59,USD
4935,42.67,INR
4936,9.82,USD
4937,26.6,USD
4938,39.51,INR
4939,20.6,USD
4940,15.62,INR
4941,6.25,USD
4942,10.16,INR
4943,43.43,USD
4944,31.29,INR
4945,39.65,USD
4946,41.43,USD
4947,10.37,USD
4948,26.56,INR
4949,48.95,USD
4950,35.89,USD
4951,21.24,USD
4952,21.16,USD
4953,36.36,USD
4954,20.99,INR
4955,19.9,INR
4956,32.83,INR
4957,37.21,INR
4958,49.22,INR
4959,31.28,USD
4960,8.59,INR
4961,19.49,USD
4962,15.99,INR
4963,39.78,USD
4964,14.33,USD
4965,43.47,USD
4966,29.26,INR
4967,17.31,USD
4968,43.12,INR
4969,8.58,INR
4970,28.42,INR
4971,48.13,INR
4972,27.04,INR
4973,22.3,USD
4974,23.36,INR
4975,43.14,INR
4976,48.6,INR
4977,19.64,INR
4978,16.46,INR
4979,39.23,INR
4980,8.05,USD
4981,21.78,USD
4982,33.96,INR
4983,47.29,USD
4984,5.09,USD
4985,10.86,INR
4986,40.71,INR
4987,6.98,USD
4988,27.72,USD
4989,9.47,INR
4990,30.69,INR
4991,20.37,USD
4992,6.13,INR
4993,26.51,INR
4994,22.1,USD
4995,35.76,INR
4996,44.07,USD
4997,35.0,USD
4998,11.84,USD
4999,23.73,INR
5000,43.87,INR
