action_id,target_company,acquirer_company
1,TCS,TCS
2,ICICIBANK,ICICIBANK
3,WIPRO,SBIN
4,AXISBANK,SBIN
5,INFY,HDFCBANK
6,WIPRO,WIPRO
7,RELIANCE,ICICIBANK
8,TCS,RELIANCE
9,ICICIBANK,ICICIBANK
10,HDFCBANK,WIPRO
11,RELIANCE,INFY
12,SBIN,TCS
13,INFY,INFY
14,RELIANCE,SBIN
15,TCS,ICICIBANK
16,AXISBANK,TCS
17,INFY,INFY
18,SBIN,RELIANCE
19,AXISBANK,AXISBANK
20,TCS,HDFCBANK
21,SBIN,SBIN
22,INFY,RELIANCE
23,AXISBANK,WIPRO
24,ICICIBANK,INFY
25,ICICIBANK,AXISBANK
26,SBIN,ICICIBANK
27,AXISBANK,AXISBANK
28,HDFCBANK,AXISBANK
29,ICICIBANK,TCS
30,RELIANCE,RELIANCE
31,AXISBANK,TCS
32,ICICIBANK,HDFCBANK
33,INFY,INFY
34,WIPRO,INFY
35,WIPRO,HDFCBANK
36,AXISBANK,WIPRO
37,ICICIBANK,RELIANCE
38,AXISBANK,TCS
39,AXISBANK,AXISBANK
40,RELIANCE,WIPRO
41,AXISBANK,TCS
42,WIPRO,HDFCBANK
43,INFY,HDFCBANK
44,WIPRO,HDFCBANK
45,HDFCBANK,ICICIBANK
46,SBIN,INFY
47,SBIN,INFY
48,TCS,ICICIBANK
49,INFY,RELIANCE
50,WIPRO,RELIANCE
51,ICICIBANK,HDFCBANK
52,AXISBANK,INFY
53,WIPRO,RELIANCE
54,TCS,RELIANCE
55,HDFCBANK,WIPRO
56,AXISBANK,SBIN
57,INFY,TCS
58,TCS,ICICIBANK
59,ICICIBANK,ICICIBANK
60,SBIN,ICICIBANK
61,AXISBANK,HDFCBANK
62,WIPRO,WIPRO
63,RELIANCE,INFY
64,RELIANCE,TCS
65,WIPRO,AXISBANK
66,TCS,WIPRO
67,TCS,ICICIBANK
68,TCS,ICICIBANK
69,ICICIBANK,TCS
70,AXISBANK,INFY
71,RELIANCE,RELIANCE
72,SBIN,AXISBANK
73,WIPRO,RELIANCE
74,WIPRO,SBIN
75,WIPRO,AXISBANK
76,SBIN,AXISBANK
77,INFY,WIPRO
78,ICICIBANK,RELIANCE
79,RELIANCE,ICICIBANK
80,TCS,TCS
81,HDFCBANK,WIPRO
82,INFY,WIPRO
83,SBIN,RELIANCE
84,ICICIBANK,SBIN
85,HDFCBANK,HDFCBANK
86,WIPRO,ICICIBANK
87,RELIANCE,ICICIBANK
88,HDFCBANK,INFY
89,AXISBANK,TCS
90,SBIN,HDFCBANK
91,RELIANCE,HDFCBANK
92,ICICIBANK,INFY
93,ICICIBANK,HDFCBANK
94,HDFCBANK,SBIN
95,WIPRO,AXISBANK
96,WIPRO,SBIN
97,INFY,SBIN
98,TCS,INFY
99,AXISBANK,INFY
100,TCS,ICICIBANK
101,HDFCBANK,HDFCBANK
102,ICICIBANK,RELIANCE
103,AXISBANK,HDFCBANK
104,RELIANCE,AXISBANK
105,ICICIBANK,SBIN
106,INFY,WIPRO
107,INFY,WIPRO
108,RELIANCE,SBIN
109,SBIN,WIPRO
110,ICICIBANK,INFY
111,TCS,ICICIBANK
112,AXISBANK,AXISBANK
113,ICICIBANK,WIPRO
114,SBIN,SBIN
115,AXISBANK,AXISBANK
116,ICICIBANK,SBIN
117,HDFCBANK,AXISBANK
118,INFY,RELIANCE
119,INFY,WIPRO
120,INFY,WIPRO
121,SBIN,RELIANCE
122,SBIN,RELIANCE
123,SBIN,ICICIBANK
124,TCS,HDFCBANK
125,TCS,INFY
126,ICICIBANK,RELIANCE
127,SBIN,SBIN
128,RELIANCE,SBIN
129,RELIANCE,TCS
130,TCS,RELIANCE
131,SBIN,AXISBANK
132,TCS,AXISBANK
133,TCS,TCS
134,INFY,INFY
135,TCS,RELIANCE
136,RELIANCE,RELIANCE
137,SBIN,AXISBANK
138,HDFCBANK,HDFCBANK
139,AXISBANK,AXISBANK
140,TCS,TCS
141,TCS,AXISBANK
142,ICICIBANK,ICICIBANK
143,AXISBANK,TCS
144,RELIANCE,INFY
145,INFY,AXISBANK
146,AXISBANK,RELIANCE
147,ICICIBANK,TCS
148,RELIANCE,SBIN
149,RELIANCE,TCS
150,SBIN,INFY
151,RELIANCE,INFY
152,RELIANCE,WIPRO
153,SBIN,TCS
154,INFY,WIPRO
155,RELIANCE,INFY
156,HDFCBANK,HDFCBANK
157,SBIN,HDFCBANK
158,SBIN,SBIN
159,RELIANCE,INFY
160,TCS,INFY
161,AXISBANK,ICICIBANK
162,HDFCBANK,RELIANCE
163,WIPRO,AXISBANK
164,ICICIBANK,RELIANCE
165,INFY,SBIN
166,SBIN,INFY
167,RELIANCE,RELIANCE
168,HDFCBANK,RELIANCE
169,TCS,TCS
170,INFY,RELIANCE
171,TCS,HDFCBANK
172,ICICIBANK,SBIN
173,TCS,TCS
174,WIPRO,INFY
175,AXISBANK,AXISBANK
176,ICICIBANK,RELIANCE
177,AXISBANK,RELIANCE
178,INFY,ICICIBANK
179,TCS,AXISBANK
180,HDFCBANK,SBIN
181,INFY,TCS
182,AXISBANK,AXISBANK
183,HDFCBANK,AXISBANK
184,AXISBANK,INFY
185,INFY,AXISBANK
186,ICICIBANK,RELIANCE
187,RELIANCE,ICICIBANK
188,RELIANCE,WIPRO
189,AXISBANK,HDFCBANK
190,AXISBANK,TCS
191,TCS,SBIN
192,HDFCBANK,AXISBANK
193,WIPRO,WIPRO
194,ICICIBANK,HDFCBANK
195,ICICIBANK,TCS
196,TCS,SBIN
197,TCS,TCS
198,HDFCBANK,WIPRO
199,WIPRO,HDFCBANK
200,TCS,WIPRO
201,INFY,SBIN
202,HDFCBANK,AXISBANK
203,SBIN,TCS
204,INFY,ICICIBANK
205,INFY,ICICIBANK
206,RELIANCE,TCS
207,SBIN,RELIANCE
208,TCS,TCS
209,INFY,AXISBANK
210,HDFCBANK,SBIN
211,HDFCBANK,RELIANCE
212,RELIANCE,SBIN
213,HDFCBANK,INFY
214,WIPRO,AXISBANK
215,WIPRO,INFY
216,RELIANCE,INFY
217,WIPRO,HDFCBANK
218,WIPRO,AXISBANK
219,SBIN,ICICIBANK
220,HDFCBANK,HDFCBANK
221,WIPRO,SBIN
222,HDFCBANK,HDFCBANK
223,ICICIBANK,ICICIBANK
224,SBIN,SBIN
225,ICICIBANK,SBIN
226,TCS,ICICIBANK
227,AXISBANK,INFY
228,AXISBANK,SBIN
229,WIPRO,TCS
230,WIPRO,RELIANCE
231,WIPRO,INFY
232,ICICIBANK,ICICIBANK
233,ICICIBANK,ICICIBANK
234,TCS,RELIANCE
235,HDFCBANK,INFY
236,SBIN,RELIANCE
237,HDFCBANK,HDFCBANK
238,RELIANCE,HDFCBANK
239,RELIANCE,SBIN
240,AXISBANK,INFY
241,WIPRO,AXISBANK
242,TCS,RELIANCE
243,SBIN,ICICIBANK
244,TCS,WIPRO
245,SBIN,TCS
246,WIPRO,ICICIBANK
247,INFY,ICICIBANK
248,SBIN,RELIANCE
249,ICICIBANK,SBIN
250,SBIN,AXISBANK
251,ICICIBANK,WIPRO
252,RELIANCE,INFY
253,HDFCBANK,ICICIBANK
254,WIPRO,HDFCBANK
255,HDFCBANK,ICICIBANK
256,RELIANCE,TCS
257,INFY,AXISBANK
258,HDFCBANK,TCS
259,INFY,INFY
260,HDFCBANK,AXISBANK
261,RELIANCE,TCS
262,RELIANCE,RELIANCE
263,AXISBANK,AXISBANK
264,ICICIBANK,TCS
265,RELIANCE,WIPRO
266,TCS,INFY
267,WIPRO,ICICIBANK
268,RELIANCE,AXISBANK
269,RELIANCE,RELIANCE
270,WIPRO,AXISBANK
271,INFY,WIPRO
272,TCS,RELIANCE
273,SBIN,INFY
274,TCS,SBIN
275,TCS,SBIN
276,AXISBANK,SBIN
277,RELIANCE,RELIANCE
278,TCS,TCS
279,ICICIBANK,TCS
280,TCS,HDFCBANK
281,ICICIBANK,AXISBANK
282,INFY,SBIN
283,WIPRO,AXISBANK
284,ICICIBANK,RELIANCE
285,ICICIBANK,TCS
286,ICICIBANK,SBIN
287,SBIN,AXISBANK
288,ICICIBANK,TCS
289,RELIANCE,INFY
290,SBIN,SBIN
291,TCS,HDFCBANK
292,TCS,AXISBANK
293,TCS,WIPRO
294,ICICIBANK,RELIANCE
295,ICICIBANK,ICICIBANK
296,WIPRO,SBIN
297,ICICIBANK,RELIANCE
298,AXISBANK,INFY
299,TCS,WIPRO
300,WIPRO,ICICIBANK
301,RELIANCE,INFY
302,TCS,INFY
303,WIPRO,HDFCBANK
304,RELIANCE,SBIN
305,RELIANCE,RELIANCE
306,HDFCBANK,WIPRO
307,ICICIBANK,WIPRO
308,RELIANCE,SBIN
309,AXISBANK,ICICIBANK
310,HDFCBANK,ICICIBANK
311,TCS,SBIN
312,ICICIBANK,WIPRO
313,INFY,RELIANCE
314,RELIANCE,RELIANCE
315,AXISBANK,WIPRO
316,WIPRO,INFY
317,TCS,TCS
318,TCS,TCS
319,TCS,TCS
320,INFY,TCS
321,HDFCBANK,ICICIBANK
322,ICICIBANK,SBIN
323,WIPRO,HDFCBANK
324,SBIN,INFY
325,TCS,INFY
326,ICICIBANK,INFY
327,TCS,SBIN
328,INFY,ICICIBANK
329,INFY,HDFCBANK
330,AXISBANK,WIPRO
331,SBIN,ICICIBANK
332,WIPRO,TCS
333,TCS,TCS
334,SBIN,ICICIBANK
335,WIPRO,ICICIBANK
336,TCS,WIPRO
337,HDFCBANK,INFY
338,AXISBANK,ICICIBANK
339,AXISBANK,ICICIBANK
340,INFY,RELIANCE
341,SBIN,WIPRO
342,AXISBANK,WIPRO
343,RELIANCE,AXISBANK
344,INFY,SBIN
345,HDFCBANK,HDFCBANK
346,WIPRO,WIPRO
347,AXISBANK,SBIN
348,INFY,RELIANCE
349,WIPRO,SBIN
350,WIPRO,RELIANCE
351,SBIN,RELIANCE
352,INFY,RELIANCE
353,SBIN,INFY
354,AXISBANK,TCS
355,HDFCBANK,HDFCBANK
356,HDFCBANK,HDFCBANK
357,AXISBANK,HDFCBANK
358,ICICIBANK,HDFCBANK
359,HDFCBANK,SBIN
360,RELIANCE,AXISBANK
361,AXISBANK,HDFCBANK
362,RELIANCE,HDFCBANK
363,ICICIBANK,SBIN
364,RELIANCE,INFY
365,ICICIBANK,WIPRO
366,WIPRO,INFY
367,INFY,WIPRO
368,WIPRO,RELIANCE
369,HDFCBANK,HDFCBANK
370,TCS,INFY
371,WIPRO,ICICIBANK
372,AXISBANK,INFY
373,RELIANCE,TCS
374,HDFCBANK,RELIANCE
375,TCS,SBIN
376,ICICIBANK,SBIN
377,WIPRO,SBIN
378,TCS,INFY
379,SBIN,SBIN
380,ICICIBANK,WIPRO
381,ICICIBANK,ICICIBANK
382,ICICIBANK,AXISBANK
383,RELIANCE,WIPRO
384,HDFCBANK,HDFCBANK
385,INFY,TCS
386,WIPRO,ICICIBANK
387,HDFCBANK,TCS
388,WIPRO,ICICIBANK
389,SBIN,TCS
390,INFY,AXISBANK
391,WIPRO,INFY
392,ICICIBANK,AXISBANK
393,AXISBANK,WIPRO
394,HDFCBANK,ICICIBANK
395,ICICIBANK,TCS
396,WIPRO,INFY
397,INFY,SBIN
398,RELIANCE,WIPRO
399,HDFCBANK,RELIANCE
400,AXISBANK,AXISBANK
401,INFY,INFY
402,WIPRO,INFY
403,WIPRO,HDFCBANK
404,WIPRO,RELIANCE
405,HDFCBANK,INFY
406,RELIANCE,TCS
407,RELIANCE,RELIANCE
408,HDFCBANK,TCS
409,SBIN,RELIANCE
410,WIPRO,AXISBANK
411,AXISBANK,INFY
412,HDFCBANK,HDFCBANK
413,SBIN,INFY
414,TCS,SBIN
415,RELIANCE,HDFCBANK
416,INFY,AXISBANK
417,RELIANCE,TCS
418,TCS,AXISBANK
419,ICICIBANK,SBIN
420,AXISBANK,ICICIBANK
421,INFY,ICICIBANK
422,TCS,AXISBANK
423,RELIANCE,AXISBANK
424,RELIANCE,AXISBANK
425,SBIN,AXISBANK
426,TCS,TCS
427,SBIN,RELIANCE
428,HDFCBANK,AXISBANK
429,AXISBANK,HDFCBANK
430,TCS,ICICIBANK
431,HDFCBANK,WIPRO
432,WIPRO,HDFCBANK
433,ICICIBANK,ICICIBANK
434,RELIANCE,HDFCBANK
435,AXISBANK,WIPRO
436,WIPRO,RELIANCE
437,TCS,AXISBANK
438,TCS,ICICIBANK
439,AXISBANK,ICICIBANK
440,INFY,HDFCBANK
441,TCS,TCS
442,HDFCBANK,INFY
443,AXISBANK,HDFCBANK
444,RELIANCE,INFY
445,WIPRO,RELIANCE
446,WIPRO,ICICIBANK
447,ICICIBANK,SBIN
448,ICICIBANK,AXISBANK
449,RELIANCE,TCS
450,ICICIBANK,WIPRO
451,AXISBANK,INFY
452,RELIANCE,SBIN
453,AXISBANK,AXISBANK
454,AXISBANK,WIPRO
455,SBIN,RELIANCE
456,HDFCBANK,SBIN
457,WIPRO,RELIANCE
458,INFY,RELIANCE
459,TCS,TCS
460,AXISBANK,SBIN
461,ICICIBANK,INFY
462,HDFCBANK,TCS
463,INFY,SBIN
464,SBIN,AXISBANK
465,WIPRO,SBIN
466,AXISBANK,TCS
467,TCS,RELIANCE
468,WIPRO,WIPRO
469,WIPRO,RELIANCE
470,SBIN,SBIN
471,SBIN,TCS
472,HDFCBANK,SBIN
473,ICICIBANK,RELIANCE
474,RELIANCE,AXISBANK
475,HDFCBANK,TCS
476,TCS,AXISBANK
477,AXISBANK,HDFCBANK
478,SBIN,RELIANCE
479,INFY,RELIANCE
480,AXISBANK,RELIANCE
481,SBIN,RELIANCE
482,ICICIBANK,SBIN
483,TCS,INFY
484,HDFCBANK,WIPRO
485,AXISBANK,TCS
486,INFY,AXISBANK
487,ICICIBANK,TCS
488,HDFCBANK,ICICIBANK
489,TCS,TCS
490,SBIN,HDFCBANK
491,TCS,WIPRO
492,TCS,ICICIBANK
493,TCS,RELIANCE
494,RELIANCE,SBIN
495,SBIN,HDFCBANK
496,AXISBANK,HDFCBANK
497,RELIANCE,RELIANCE
498,HDFCBANK,ICICIBANK
499,TCS,HDFCBANK
500,TCS,ICICIBANK
501,HDFCBANK,WIPRO
502,RELIANCE,INFY
503,AXISBANK,TCS
504,INFY,AXISBANK
505,INFY,ICICIBANK
506,RELIANCE,INFY
507,INFY,AXISBANK
508,WIPRO,SBIN
509,INFY,SBIN
510,ICICIBANK,RELIANCE
511,HDFCBANK,TCS
512,AXISBANK,WIPRO
513,INFY,WIPRO
514,SBIN,RELIANCE
515,INFY,RELIANCE
516,SBIN,TCS
517,RELIANCE,AXISBANK
518,RELIANCE,AXISBANK
519,AXISBANK,ICICIBANK
520,TCS,AXISBANK
521,TCS,SBIN
522,HDFCBANK,ICICIBANK
523,WIPRO,INFY
524,HDFCBANK,ICICIBANK
525,WIPRO,SBIN
526,WIPRO,WIPRO
527,INFY,WIPRO
528,INFY,ICICIBANK
529,RELIANCE,SBIN
530,TCS,RELIANCE
531,RELIANCE,AXISBANK
532,TCS,HDFCBANK
533,INFY,HDFCBANK
534,WIPRO,INFY
535,AXISBANK,ICICIBANK
536,INFY,HDFCBANK
537,SBIN,INFY
538,INFY,ICICIBANK
539,INFY,AXISBANK
540,WIPRO,TCS
541,RELIANCE,RELIANCE
542,TCS,SBIN
543,ICICIBANK,RELIANCE
544,SBIN,SBIN
545,WIPRO,AXISBANK
546,AXISBANK,HDFCBANK
547,RELIANCE,ICICIBANK
548,TCS,AXISBANK
549,ICICIBANK,HDFCBANK
550,TCS,INFY
551,INFY,AXISBANK
552,WIPRO,AXISBANK
553,TCS,HDFCBANK
554,WIPRO,TCS
555,TCS,ICICIBANK
556,HDFCBANK,WIPRO
557,SBIN,HDFCBANK
558,RELIANCE,TCS
559,AXISBANK,ICICIBANK
560,RELIANCE,TCS
561,SBIN,WIPRO
562,TCS,AXISBANK
563,TCS,AXISBANK
564,RELIANCE,SBIN
565,ICICIBANK,RELIANCE
566,TCS,HDFCBANK
567,TCS,ICICIBANK
568,AXISBANK,RELIANCE
569,INFY,HDFCBANK
570,WIPRO,HDFCBANK
571,ICICIBANK,ICICIBANK
572,INFY,TCS
573,SBIN,HDFCBANK
574,ICICIBANK,RELIANCE
575,WIPRO,INFY
576,INFY,WIPRO
577,ICICIBANK,RELIANCE
578,ICICIBANK,TCS
579,WIPRO,AXISBANK
580,SBIN,ICICIBANK
581,TCS,HDFCBANK
582,AXISBANK,AXISBANK
583,ICICIBANK,ICICIBANK
584,ICICIBANK,AXISBANK
585,INFY,SBIN
586,INFY,HDFCBANK
587,AXISBANK,WIPRO
588,ICICIBANK,ICICIBANK
589,WIPRO,RELIANCE
590,RELIANCE,RELIANCE
591,AXISBANK,ICICIBANK
592,INFY,WIPRO
593,INFY,AXISBANK
594,INFY,AXISBANK
595,HDFCBANK,HDFCBANK
596,HDFCBANK,INFY
597,WIPRO,HDFCBANK
598,HDFCBANK,RELIANCE
599,TCS,INFY
600,INFY,ICICIBANK
601,INFY,WIPRO
602,TCS,TCS
603,RELIANCE,TCS
604,AXISBANK,HDFCBANK
605,WIPRO,TCS
606,HDFCBANK,AXISBANK
607,HDFCBANK,SBIN
608,HDFCBANK,TCS
609,WIPRO,RELIANCE
610,SBIN,HDFCBANK
611,SBIN,ICICIBANK
612,TCS,RELIANCE
613,WIPRO,HDFCBANK
614,AXISBANK,HDFCBANK
615,AXISBANK,RELIANCE
616,RELIANCE,HDFCBANK
617,AXISBANK,SBIN
618,WIPRO,SBIN
619,SBIN,SBIN
620,TCS,INFY
621,SBIN,AXISBANK
622,HDFCBANK,ICICIBANK
623,WIPRO,INFY
624,TCS,WIPRO
625,HDFCBANK,ICICIBANK
626,WIPRO,AXISBANK
627,ICICIBANK,RELIANCE
628,TCS,RELIANCE
629,TCS,RELIANCE
630,TCS,ICICIBANK
631,INFY,AXISBANK
632,WIPRO,TCS
633,TCS,HDFCBANK
634,AXISBANK,INFY
635,WIPRO,RELIANCE
636,TCS,ICICIBANK
637,ICICIBANK,TCS
638,ICICIBANK,HDFCBANK
639,AXISBANK,RELIANCE
640,HDFCBANK,ICICIBANK
641,TCS,INFY
642,TCS,TCS
643,RELIANCE,RELIANCE
644,HDFCBANK,HDFCBANK
645,RELIANCE,INFY
646,RELIANCE,AXISBANK
647,HDFCBANK,RELIANCE
648,RELIANCE,TCS
649,WIPRO,TCS
650,TCS,RELIANCE
651,SBIN,INFY
652,SBIN,INFY
653,INFY,TCS
654,WIPRO,ICICIBANK
655,ICICIBANK,RELIANCE
656,AXISBANK,WIPRO
657,INFY,RELIANCE
658,AXISBANK,AXISBANK
659,RELIANCE,RELIANCE
660,AXISBANK,TCS
661,WIPRO,TCS
662,INFY,RELIANCE
663,AXISBANK,ICICIBANK
664,HDFCBANK,HDFCBANK
665,HDFCBANK,ICICIBANK
666,SBIN,RELIANCE
667,HDFCBANK,HDFCBANK
668,WIPRO,WIPRO
669,TCS,RELIANCE
670,INFY,INFY
671,INFY,ICICIBANK
672,AXISBANK,RELIANCE
673,HDFCBANK,TCS
674,AXISBANK,HDFCBANK
675,RELIANCE,SBIN
676,TCS,ICICIBANK
677,AXISBANK,TCS
678,TCS,AXISBANK
679,TCS,INFY
680,AXISBANK,INFY
681,HDFCBANK,ICICIBANK
682,INFY,ICICIBANK
683,AXISBANK,ICICIBANK
684,SBIN,TCS
685,WIPRO,INFY
686,SBIN,TCS
687,HDFCBANK,TCS
688,HDFCBANK,HDFCBANK
689,ICICIBANK,SBIN
690,SBIN,ICICIBANK
691,WIPRO,RELIANCE
692,RELIANCE,RELIANCE
693,WIPRO,INFY
694,RELIANCE,RELIANCE
695,RELIANCE,WIPRO
696,HDFCBANK,HDFCBANK
697,RELIANCE,RELIANCE
698,WIPRO,WIPRO
699,ICICIBANK,ICICIBANK
700,TCS,HDFCBANK
701,AXISBANK,HDFCBANK
702,INFY,INFY
703,RELIANCE,WIPRO
704,TCS,AXISBANK
705,TCS,TCS
706,SBIN,SBIN
707,AXISBANK,RELIANCE
708,ICICIBANK,TCS
709,ICICIBANK,WIPRO
710,INFY,TCS
711,INFY,HDFCBANK
712,INFY,AXISBANK
713,ICICIBANK,ICICIBANK
714,AXISBANK,INFY
715,ICICIBANK,WIPRO
716,INFY,SBIN
717,AXISBANK,ICICIBANK
718,WIPRO,INFY
719,WIPRO,SBIN
720,INFY,AXISBANK
721,WIPRO,WIPRO
722,INFY,INFY
723,RELIANCE,WIPRO
724,AXISBANK,ICICIBANK
725,RELIANCE,WIPRO
726,TCS,SBIN
727,AXISBANK,TCS
728,WIPRO,AXISBANK
729,INFY,ICICIBANK
730,SBIN,WIPRO
731,HDFCBANK,TCS
732,ICICIBANK,RELIANCE
733,AXISBANK,WIPRO
734,TCS,RELIANCE
735,AXISBANK,RELIANCE
736,SBIN,SBIN
737,SBIN,RELIANCE
738,WIPRO,HDFCBANK
739,ICICIBANK,ICICIBANK
740,HDFCBANK,TCS
741,TCS,TCS
742,HDFCBANK,AXISBANK
743,SBIN,HDFCBANK
744,AXISBANK,HDFCBANK
745,RELIANCE,ICICIBANK
746,RELIANCE,TCS
747,ICICIBANK,HDFCBANK
748,WIPRO,TCS
749,ICICIBANK,AXISBANK
750,ICICIBANK,TCS
751,TCS,RELIANCE
752,INFY,ICICIBANK
753,ICICIBANK,HDFCBANK
754,INFY,INFY
755,INFY,ICICIBANK
756,HDFCBANK,INFY
757,INFY,WIPRO
758,HDFCBANK,RELIANCE
759,RELIANCE,INFY
760,INFY,WIPRO
761,RELIANCE,TCS
762,AXISBANK,WIPRO
763,INFY,RELIANCE
764,INFY,AXISBANK
765,INFY,RELIANCE
766,HDFCBANK,HDFCBANK
767,INFY,INFY
768,TCS,TCS
769,ICICIBANK,ICICIBANK
770,ICICIBANK,TCS
771,WIPRO,WIPRO
772,TCS,AXISBANK
773,WIPRO,INFY
774,AXISBANK,SBIN
775,SBIN,SBIN
776,HDFCBANK,TCS
777,RELIANCE,RELIANCE
778,RELIANCE,AXISBANK
779,SBIN,RELIANCE
780,RELIANCE,INFY
781,INFY,RELIANCE
782,TCS,HDFCBANK
783,SBIN,WIPRO
784,INFY,ICICIBANK
785,HDFCBANK,AXISBANK
786,HDFCBANK,INFY
787,HDFCBANK,TCS
788,INFY,RELIANCE
789,HDFCBANK,SBIN
790,SBIN,WIPRO
791,WIPRO,INFY
792,RELIANCE,INFY
793,SBIN,TCS
794,ICICIBANK,RELIANCE
795,HDFCBANK,AXISBANK
796,TCS,HDFCBANK
797,TCS,INFY
798,ICICIBANK,ICICIBANK
799,ICICIBANK,ICICIBANK
800,ICICIBANK,WIPRO
801,RELIANCE,WIPRO
802,AXISBANK,WIPRO
803,HDFCBANK,HDFCBANK
804,RELIANCE,INFY
805,SBIN,INFY
806,HDFCBANK,HDFCBANK
807,HDFCBANK,TCS
808,ICICIBANK,RELIANCE
809,AXISBANK,RELIANCE
810,WIPRO,WIPRO
811,TCS,ICICIBANK
812,INFY,HDFCBANK
813,ICICIBANK,AXISBANK
814,ICICIBANK,AXISBANK
815,WIPRO,RELIANCE
816,TCS,RELIANCE
817,AXISBANK,RELIANCE
818,SBIN,AXISBANK
819,HDFCBANK,INFY
820,ICICIBANK,HDFCBANK
821,HDFCBANK,AXISBANK
822,SBIN,HDFCBANK
823,TCS,INFY
824,RELIANCE,INFY
825,INFY,INFY
826,TCS,SBIN
827,SBIN,RELIANCE
828,TCS,WIPRO
829,INFY,INFY
830,AXISBANK,SBIN
831,WIPRO,INFY
832,AXISBANK,AXISBANK
833,RELIANCE,HDFCBANK
834,AXISBANK,RELIANCE
835,INFY,WIPRO
836,ICICIBANK,ICICIBANK
837,INFY,TCS
838,HDFCBANK,TCS
839,INFY,INFY
840,WIPRO,INFY
841,HDFCBANK,TCS
842,AXISBANK,SBIN
843,HDFCBANK,HDFCBANK
844,HDFCBANK,INFY
845,ICICIBANK,TCS
846,SBIN,WIPRO
847,ICICIBANK,INFY
848,INFY,ICICIBANK
849,WIPRO,WIPRO
850,SBIN,WIPRO
851,WIPRO,WIPRO
852,ICICIBANK,RELIANCE
853,ICICIBANK,AXISBANK
854,AXISBANK,WIPRO
855,WIPRO,AXISBANK
856,INFY,INFY
857,HDFCBANK,INFY
858,HDFCBANK,INFY
859,TCS,RELIANCE
860,RELIANCE,HDFCBANK
861,HDFCBANK,WIPRO
862,TCS,AXISBANK
863,INFY,TCS
864,INFY,SBIN
865,HDFCBANK,HDFCBANK
866,SBIN,HDFCBANK
867,RELIANCE,INFY
868,SBIN,INFY
869,ICICIBANK,INFY
870,AXISBANK,ICICIBANK
871,TCS,SBIN
872,SBIN,HDFCBANK
873,SBIN,AXISBANK
874,TCS,HDFCBANK
875,WIPRO,RELIANCE
876,AXISBANK,WIPRO
877,INFY,RELIANCE
878,WIPRO,WIPRO
879,RELIANCE,RELIANCE
880,ICICIBANK,INFY
881,SBIN,ICICIBANK
882,INFY,TCS
883,ICICIBANK,HDFCBANK
884,ICICIBANK,INFY
885,INFY,HDFCBANK
886,INFY,TCS
887,ICICIBANK,RELIANCE
888,INFY,RELIANCE
889,SBIN,TCS
890,TCS,AXISBANK
891,WIPRO,WIPRO
892,WIPRO,SBIN
893,ICICIBANK,SBIN
894,SBIN,HDFCBANK
895,HDFCBANK,ICICIBANK
896,HDFCBANK,SBIN
897,RELIANCE,HDFCBANK
898,WIPRO,ICICIBANK
899,RELIANCE,TCS
900,TCS,INFY
901,AXISBANK,RELIANCE
902,WIPRO,HDFCBANK
903,AXISBANK,TCS
904,INFY,TCS
905,HDFCBANK,TCS
906,INFY,HDFCBANK
907,ICICIBANK,RELIANCE
908,INFY,TCS
909,SBIN,RELIANCE
910,RELIANCE,SBIN
911,RELIANCE,INFY
912,AXISBANK,SBIN
913,HDFCBANK,AXISBANK
914,WIPRO,RELIANCE
915,SBIN,SBIN
916,WIPRO,SBIN
917,INFY,RELIANCE
918,INFY,INFY
919,INFY,RELIANCE
920,TCS,HDFCBANK
921,ICICIBANK,HDFCBANK
922,SBIN,ICICIBANK
923,WIPRO,RELIANCE
924,WIPRO,ICICIBANK
925,ICICIBANK,WIPRO
926,SBIN,AXISBANK
927,ICICIBANK,ICICIBANK
928,AXISBANK,TCS
929,TCS,WIPRO
930,RELIANCE,RELIANCE
931,INFY,AXISBANK
932,INFY,WIPRO
933,AXISBANK,HDFCBANK
934,INFY,RELIANCE
935,INFY,HDFCBANK
936,AXISBANK,RELIANCE
937,SBIN,AXISBANK
938,HDFCBANK,ICICIBANK
939,RELIANCE,HDFCBANK
940,INFY,ICICIBANK
941,SBIN,AXISBANK
942,TCS,AXISBANK
943,HDFCBANK,RELIANCE
944,AXISBANK,WIPRO
945,RELIANCE,ICICIBANK
946,AXISBANK,TCS
947,ICICIBANK,SBIN
948,TCS,HDFCBANK
949,SBIN,RELIANCE
950,HDFCBANK,RELIANCE
951,HDFCBANK,WIPRO
952,ICICIBANK,HDFCBANK
953,WIPRO,AXISBANK
954,AXISBANK,ICICIBANK
955,RELIANCE,WIPRO
956,HDFCBANK,AXISBANK
957,INFY,AXISBANK
958,WIPRO,RELIANCE
959,ICICIBANK,SBIN
960,INFY,AXISBANK
961,RELIANCE,INFY
962,HDFCBANK,WIPRO
963,WIPRO,INFY
964,AXISBANK,INFY
965,SBIN,WIPRO
966,TCS,SBIN
967,WIPRO,AXISBANK
968,ICICIBANK,RELIANCE
969,TCS,INFY
970,WIPRO,HDFCBANK
971,SBIN,RELIANCE
972,SBIN,RELIANCE
973,AXISBANK,WIPRO
974,ICICIBANK,WIPRO
975,HDFCBANK,SBIN
976,INFY,AXISBANK
977,HDFCBANK,WIPRO
978,RELIANCE,HDFCBANK
979,INFY,RELIANCE
980,ICICIBANK,INFY
981,SBIN,TCS
982,INFY,AXISBANK
983,TCS,AXISBANK
984,ICICIBANK,RELIANCE
985,TCS,HDFCBANK
986,TCS,WIPRO
987,TCS,HDFCBANK
988,ICICIBANK,RELIANCE
989,SBIN,SBIN
990,ICICIBANK,HDFCBANK
991,RELIANCE,AXISBANK
992,ICICIBANK,AXISBANK
993,TCS,RELIANCE
994,SBIN,AXISBANK
995,AXISBANK,AXISBANK
996,AXISBANK,SBIN
997,HDFCBANK,RELIANCE
998,INFY,AXISBANK
999,HDFCBANK,TCS
1000,SBIN,INFY
1001,SBIN,HDFCBANK
1002,HDFCBANK,ICICIBANK
1003,ICICIBANK,INFY
1004,AXISBANK,SBIN
1005,INFY,INFY
1006,WIPRO,RELIANCE
1007,WIPRO,INFY
1008,HDFCBANK,SBIN
1009,WIPRO,WIPRO
1010,ICICIBANK,TCS
1011,INFY,HDFCBANK
1012,INFY,HDFCBANK
1013,WIPRO,INFY
1014,INFY,INFY
1015,ICICIBANK,SBIN
1016,AXISBANK,ICICIBANK
1017,WIPRO,HDFCBANK
1018,ICICIBANK,SBIN
1019,AXISBANK,WIPRO
1020,WIPRO,TCS
1021,INFY,TCS
1022,ICICIBANK,AXISBANK
1023,ICICIBANK,ICICIBANK
1024,ICICIBANK,TCS
1025,HDFCBANK,AXISBANK
1026,SBIN,HDFCBANK
1027,SBIN,INFY
1028,INFY,RELIANCE
1029,INFY,AXISBANK
1030,RELIANCE,RELIANCE
1031,HDFCBANK,SBIN
1032,HDFCBANK,ICICIBANK
1033,TCS,HDFCBANK
1034,TCS,RELIANCE
1035,HDFCBANK,ICICIBANK
1036,WIPRO,AXISBANK
1037,WIPRO,INFY
1038,AXISBANK,AXISBANK
1039,RELIANCE,HDFCBANK
1040,ICICIBANK,TCS
1041,RELIANCE,INFY
1042,WIPRO,SBIN
1043,SBIN,INFY
1044,ICICIBANK,RELIANCE
1045,WIPRO,ICICIBANK
1046,AXISBANK,SBIN
1047,WIPRO,HDFCBANK
1048,AXISBANK,RELIANCE
1049,ICICIBANK,TCS
1050,ICICIBANK,SBIN
1051,AXISBANK,INFY
1052,SBIN,HDFCBANK
1053,SBIN,SBIN
1054,AXISBANK,AXISBANK
1055,RELIANCE,INFY
1056,SBIN,AXISBANK
1057,WIPRO,AXISBANK
1058,AXISBANK,AXISBANK
1059,INFY,TCS
1060,ICICIBANK,SBIN
1061,TCS,RELIANCE
1062,HDFCBANK,RELIANCE
1063,AXISBANK,HDFCBANK
1064,SBIN,RELIANCE
1065,ICICIBANK,ICICIBANK
1066,ICICIBANK,AXISBANK
1067,AXISBANK,SBIN
1068,ICICIBANK,HDFCBANK
1069,SBIN,TCS
1070,ICICIBANK,INFY
1071,TCS,INFY
1072,AXISBANK,TCS
1073,AXISBANK,SBIN
1074,INFY,HDFCBANK
1075,ICICIBANK,INFY
1076,AXISBANK,INFY
1077,HDFCBANK,SBIN
1078,INFY,AXISBANK
1079,INFY,RELIANCE
1080,INFY,RELIANCE
1081,HDFCBANK,AXISBANK
1082,INFY,ICICIBANK
1083,TCS,AXISBANK
1084,SBIN,RELIANCE
1085,WIPRO,HDFCBANK
1086,AXISBANK,WIPRO
1087,SBIN,ICICIBANK
1088,HDFCBANK,AXISBANK
1089,AXISBANK,ICICIBANK
1090,RELIANCE,WIPRO
1091,SBIN,ICICIBANK
1092,RELIANCE,HDFCBANK
1093,ICICIBANK,AXISBANK
1094,INFY,AXISBANK
1095,SBIN,ICICIBANK
1096,ICICIBANK,HDFCBANK
1097,SBIN,AXISBANK
1098,AXISBANK,INFY
1099,SBIN,SBIN
1100,HDFCBANK,AXISBANK
1101,WIPRO,ICICIBANK
1102,SBIN,TCS
1103,WIPRO,AXISBANK
1104,SBIN,RELIANCE
1105,RELIANCE,WIPRO
1106,ICICIBANK,ICICIBANK
1107,TCS,INFY
1108,HDFCBANK,AXISBANK
1109,INFY,INFY
1110,HDFCBANK,AXISBANK
1111,SBIN,INFY
1112,INFY,AXISBANK
1113,WIPRO,HDFCBANK
1114,INFY,RELIANCE
1115,SBIN,TCS
1116,ICICIBANK,WIPRO
1117,WIPRO,RELIANCE
1118,HDFCBANK,RELIANCE
1119,ICICIBANK,ICICIBANK
1120,TCS,HDFCBANK
1121,RELIANCE,AXISBANK
1122,SBIN,RELIANCE
1123,ICICIBANK,SBIN
1124,INFY,INFY
1125,TCS,TCS
1126,RELIANCE,INFY
1127,WIPRO,INFY
1128,AXISBANK,ICICIBANK
1129,ICICIBANK,ICICIBANK
1130,WIPRO,INFY
1131,INFY,ICICIBANK
1132,TCS,WIPRO
1133,WIPRO,ICICIBANK
1134,TCS,AXISBANK
1135,RELIANCE,SBIN
1136,ICICIBANK,TCS
1137,INFY,INFY
1138,TCS,WIPRO
1139,RELIANCE,AXISBANK
1140,SBIN,ICICIBANK
1141,INFY,INFY
1142,TCS,AXISBANK
1143,SBIN,INFY
1144,ICICIBANK,HDFCBANK
1145,INFY,RELIANCE
1146,INFY,HDFCBANK
1147,TCS,ICICIBANK
1148,ICICIBANK,TCS
1149,RELIANCE,AXISBANK
1150,ICICIBANK,HDFCBANK
1151,WIPRO,RELIANCE
1152,ICICIBANK,WIPRO
1153,RELIANCE,RELIANCE
1154,WIPRO,INFY
1155,INFY,ICICIBANK
1156,RELIANCE,INFY
1157,HDFCBANK,AXISBANK
1158,AXISBANK,HDFCBANK
1159,AXISBANK,INFY
1160,RELIANCE,WIPRO
1161,INFY,HDFCBANK
1162,ICICIBANK,AXISBANK
1163,INFY,ICICIBANK
1164,AXISBANK,TCS
1165,SBIN,HDFCBANK
1166,SBIN,HDFCBANK
1167,WIPRO,SBIN
1168,RELIANCE,ICICIBANK
1169,INFY,AXISBANK
1170,TCS,ICICIBANK
1171,INFY,RELIANCE
1172,WIPRO,HDFCBANK
1173,INFY,HDFCBANK
1174,RELIANCE,ICICIBANK
1175,INFY,INFY
1176,INFY,TCS
1177,ICICIBANK,INFY
1178,WIPRO,SBIN
1179,AXISBANK,HDFCBANK
1180,SBIN,INFY
1181,SBIN,TCS
1182,INFY,SBIN
1183,TCS,AXISBANK
1184,HDFCBANK,SBIN
1185,ICICIBANK,AXISBANK
1186,WIPRO,RELIANCE
1187,RELIANCE,WIPRO
1188,AXISBANK,HDFCBANK
1189,RELIANCE,WIPRO
1190,HDFCBANK,TCS
1191,AXISBANK,ICICIBANK
1192,INFY,HDFCBANK
1193,WIPRO,HDFCBANK
1194,SBIN,RELIANCE
1195,WIPRO,SBIN
1196,TCS,INFY
1197,TCS,WIPRO
1198,TCS,AXISBANK
1199,INFY,WIPRO
1200,RELIANCE,HDFCBANK
1201,ICICIBANK,ICICIBANK
1202,WIPRO,WIPRO
1203,WIPRO,AXISBANK
1204,ICICIBANK,INFY
1205,ICICIBANK,WIPRO
1206,WIPRO,AXISBANK
1207,INFY,INFY
1208,AXISBANK,WIPRO
1209,ICICIBANK,WIPRO
1210,HDFCBANK,RELIANCE
1211,TCS,TCS
1212,ICICIBANK,HDFCBANK
1213,INFY,AXISBANK
1214,RELIANCE,TCS
1215,ICICIBANK,INFY
1216,INFY,TCS
1217,HDFCBANK,TCS
1218,INFY,RELIANCE
1219,TCS,RELIANCE
1220,HDFCBANK,ICICIBANK
1221,INFY,HDFCBANK
1222,AXISBANK,TCS
1223,SBIN,WIPRO
1224,WIPRO,HDFCBANK
1225,SBIN,RELIANCE
1226,AXISBANK,INFY
1227,HDFCBANK,SBIN
1228,RELIANCE,HDFCBANK
1229,WIPRO,TCS
1230,TCS,HDFCBANK
1231,TCS,TCS
1232,INFY,SBIN
1233,RELIANCE,WIPRO
1234,RELIANCE,RELIANCE
1235,WIPRO,HDFCBANK
1236,INFY,SBIN
1237,SBIN,WIPRO
1238,TCS,SBIN
1239,SBIN,WIPRO
1240,ICICIBANK,HDFCBANK
1241,HDFCBANK,TCS
1242,AXISBANK,AXISBANK
1243,SBIN,INFY
1244,TCS,TCS
1245,SBIN,RELIANCE
1246,RELIANCE,HDFCBANK
1247,INFY,WIPRO
1248,INFY,ICICIBANK
1249,INFY,TCS
1250,ICICIBANK,HDFCBANK
1251,HDFCBANK,TCS
1252,ICICIBANK,AXISBANK
1253,SBIN,HDFCBANK
1254,WIPRO,INFY
1255,RELIANCE,INFY
1256,RELIANCE,ICICIBANK
1257,AXISBANK,RELIANCE
1258,TCS,RELIANCE
1259,SBIN,ICICIBANK
1260,SBIN,INFY
1261,INFY,AXISBANK
1262,INFY,ICICIBANK
1263,AXISBANK,ICICIBANK
1264,WIPRO,INFY
1265,TCS,WIPRO
1266,TCS,ICICIBANK
1267,ICICIBANK,WIPRO
1268,SBIN,SBIN
1269,ICICIBANK,AXISBANK
1270,RELIANCE,TCS
1271,INFY,WIPRO
1272,SBIN,INFY
1273,ICICIBANK,INFY
1274,HDFCBANK,TCS
1275,AXISBANK,RELIANCE
1276,RELIANCE,RELIANCE
1277,INFY,TCS
1278,ICICIBANK,SBIN
1279,RELIANCE,WIPRO
1280,WIPRO,ICICIBANK
1281,INFY,WIPRO
1282,HDFCBANK,SBIN
1283,SBIN,RELIANCE
1284,WIPRO,INFY
1285,AXISBANK,ICICIBANK
1286,ICICIBANK,AXISBANK
1287,TCS,AXISBANK
1288,AXISBANK,TCS
1289,SBIN,WIPRO
1290,SBIN,INFY
1291,HDFCBANK,HDFCBANK
1292,AXISBANK,RELIANCE
1293,INFY,WIPRO
1294,TCS,INFY
1295,INFY,AXISBANK
1296,SBIN,ICICIBANK
1297,WIPRO,TCS
1298,RELIANCE,HDFCBANK
1299,HDFCBANK,WIPRO
1300,SBIN,AXISBANK
1301,TCS,WIPRO
1302,SBIN,TCS
1303,AXISBANK,AXISBANK
1304,AXISBANK,TCS
1305,HDFCBANK,INFY
1306,SBIN,RELIANCE
1307,HDFCBANK,RELIANCE
1308,ICICIBANK,INFY
1309,WIPRO,TCS
1310,RELIANCE,INFY
1311,TCS,HDFCBANK
1312,ICICIBANK,RELIANCE
1313,SBIN,ICICIBANK
1314,ICICIBANK,HDFCBANK
1315,AXISBANK,ICICIBANK
1316,INFY,TCS
1317,SBIN,INFY
1318,WIPRO,HDFCBANK
1319,AXISBANK,WIPRO
1320,ICICIBANK,SBIN
1321,SBIN,ICICIBANK
1322,SBIN,RELIANCE
1323,TCS,RELIANCE
1324,WIPRO,AXISBANK
1325,HDFCBANK,AXISBANK
1326,SBIN,WIPRO
1327,AXISBANK,TCS
1328,ICICIBANK,RELIANCE
1329,INFY,ICICIBANK
1330,AXISBANK,RELIANCE
1331,INFY,INFY
1332,HDFCBANK,RELIANCE
1333,TCS,SBIN
1334,SBIN,WIPRO
1335,ICICIBANK,ICICIBANK
1336,HDFCBANK,ICICIBANK
1337,TCS,WIPRO
1338,HDFCBANK,HDFCBANK
1339,WIPRO,WIPRO
1340,RELIANCE,WIPRO
1341,TCS,INFY
1342,AXISBANK,WIPRO
1343,ICICIBANK,HDFCBANK
1344,SBIN,RELIANCE
1345,INFY,HDFCBANK
1346,ICICIBANK,TCS
1347,SBIN,ICICIBANK
1348,HDFCBANK,RELIANCE
1349,SBIN,WIPRO
1350,WIPRO,WIPRO
1351,AXISBANK,ICICIBANK
1352,INFY,TCS
1353,AXISBANK,WIPRO
1354,TCS,ICICIBANK
1355,HDFCBANK,AXISBANK
1356,RELIANCE,HDFCBANK
1357,WIPRO,AXISBANK
1358,WIPRO,ICICIBANK
1359,ICICIBANK,INFY
1360,RELIANCE,RELIANCE
1361,TCS,SBIN
1362,INFY,TCS
1363,HDFCBANK,SBIN
1364,HDFCBANK,ICICIBANK
1365,SBIN,HDFCBANK
1366,TCS,TCS
1367,ICICIBANK,ICICIBANK
1368,WIPRO,RELIANCE
1369,RELIANCE,ICICIBANK
1370,HDFCBANK,SBIN
1371,TCS,TCS
1372,INFY,TCS
1373,RELIANCE,RELIANCE
1374,AXISBANK,RELIANCE
1375,ICICIBANK,RELIANCE
1376,SBIN,INFY
1377,TCS,AXISBANK
1378,AXISBANK,HDFCBANK
1379,AXISBANK,AXISBANK
1380,INFY,WIPRO
1381,HDFCBANK,WIPRO
1382,HDFCBANK,WIPRO
1383,RELIANCE,RELIANCE
1384,SBIN,HDFCBANK
1385,SBIN,TCS
1386,HDFCBANK,TCS
1387,HDFCBANK,HDFCBANK
1388,INFY,AXISBANK
1389,TCS,AXISBANK
1390,WIPRO,AXISBANK
1391,ICICIBANK,INFY
1392,INFY,ICICIBANK
1393,ICICIBANK,HDFCBANK
1394,TCS,TCS
1395,WIPRO,INFY
1396,TCS,SBIN
1397,INFY,WIPRO
1398,RELIANCE,WIPRO
1399,SBIN,INFY
1400,RELIANCE,AXISBANK
1401,INFY,INFY
1402,WIPRO,HDFCBANK
1403,INFY,ICICIBANK
1404,AXISBANK,WIPRO
1405,WIPRO,SBIN
1406,SBIN,ICICIBANK
1407,INFY,WIPRO
1408,AXISBANK,RELIANCE
1409,RELIANCE,AXISBANK
1410,SBIN,SBIN
1411,HDFCBANK,WIPRO
1412,AXISBANK,RELIANCE
1413,INFY,AXISBANK
1414,HDFCBANK,RELIANCE
1415,INFY,TCS
1416,SBIN,HDFCBANK
1417,RELIANCE,ICICIBANK
1418,TCS,RELIANCE
1419,AXISBANK,AXISBANK
1420,WIPRO,RELIANCE
1421,AXISBANK,AXISBANK
1422,TCS,INFY
1423,AXISBANK,WIPRO
1424,ICICIBANK,SBIN
1425,WIPRO,ICICIBANK
1426,SBIN,ICICIBANK
1427,ICICIBANK,ICICIBANK
1428,ICICIBANK,AXISBANK
1429,INFY,TCS
1430,AXISBANK,AXISBANK
1431,TCS,INFY
1432,ICICIBANK,HDFCBANK
1433,HDFCBANK,HDFCBANK
1434,AXISBANK,SBIN
1435,WIPRO,SBIN
1436,AXISBANK,INFY
1437,WIPRO,RELIANCE
1438,TCS,AXISBANK
1439,RELIANCE,SBIN
1440,WIPRO,RELIANCE
1441,HDFCBANK,ICICIBANK
1442,ICICIBANK,SBIN
1443,AXISBANK,WIPRO
1444,WIPRO,INFY
1445,TCS,SBIN
1446,AXISBANK,ICICIBANK
1447,INFY,RELIANCE
1448,RELIANCE,INFY
1449,TCS,RELIANCE
1450,HDFCBANK,AXISBANK
1451,SBIN,SBIN
1452,INFY,TCS
1453,TCS,RELIANCE
1454,ICICIBANK,TCS
1455,ICICIBANK,TCS
1456,ICICIBANK,HDFCBANK
1457,ICICIBANK,ICICIBANK
1458,ICICIBANK,ICICIBANK
1459,TCS,ICICIBANK
1460,AXISBANK,INFY
1461,RELIANCE,ICICIBANK
1462,ICICIBANK,WIPRO
1463,SBIN,RELIANCE
1464,HDFCBANK,RELIANCE
1465,RELIANCE,SBIN
1466,SBIN,INFY
1467,ICICIBANK,AXISBANK
1468,ICICIBANK,TCS
1469,INFY,RELIANCE
1470,SBIN,RELIANCE
1471,AXISBANK,RELIANCE
1472,INFY,SBIN
1473,ICICIBANK,ICICIBANK
1474,AXISBANK,HDFCBANK
1475,HDFCBANK,INFY
1476,INFY,INFY
1477,INFY,SBIN
1478,WIPRO,ICICIBANK
1479,HDFCBANK,SBIN
1480,INFY,RELIANCE
1481,TCS,ICICIBANK
1482,HDFCBANK,ICICIBANK
1483,WIPRO,HDFCBANK
1484,INFY,SBIN
1485,TCS,WIPRO
1486,ICICIBANK,AXISBANK
1487,AXISBANK,ICICIBANK
1488,WIPRO,AXISBANK
1489,INFY,HDFCBANK
1490,WIPRO,HDFCBANK
1491,AXISBANK,RELIANCE
1492,WIPRO,WIPRO
1493,SBIN,WIPRO
1494,WIPRO,INFY
1495,RELIANCE,ICICIBANK
1496,AXISBANK,RELIANCE
1497,SBIN,ICICIBANK
1498,TCS,WIPRO
1499,WIPRO,AXISBANK
1500,ICICIBANK,WIPRO
1501,SBIN,HDFCBANK
1502,WIPRO,SBIN
1503,AXISBANK,TCS
1504,WIPRO,INFY
1505,RELIANCE,WIPRO
1506,WIPRO,AXISBANK
1507,INFY,AXISBANK
1508,ICICIBANK,ICICIBANK
1509,SBIN,TCS
1510,HDFCBANK,ICICIBANK
1511,SBIN,AXISBANK
1512,SBIN,AXISBANK
1513,INFY,HDFCBANK
1514,SBIN,SBIN
1515,TCS,RELIANCE
1516,SBIN,ICICIBANK
1517,TCS,AXISBANK
1518,WIPRO,SBIN
1519,TCS,INFY
1520,TCS,RELIANCE
1521,HDFCBANK,TCS
1522,TCS,ICICIBANK
1523,HDFCBANK,TCS
1524,AXISBANK,HDFCBANK
1525,TCS,ICICIBANK
1526,ICICIBANK,HDFCBANK
1527,INFY,HDFCBANK
1528,WIPRO,AXISBANK
1529,TCS,ICICIBANK
1530,HDFCBANK,INFY
1531,RELIANCE,TCS
1532,WIPRO,SBIN
1533,WIPRO,RELIANCE
1534,AXISBANK,SBIN
1535,TCS,SBIN
1536,INFY,TCS
1537,AXISBANK,SBIN
1538,AXISBANK,AXISBANK
1539,HDFCBANK,SBIN
1540,INFY,HDFCBANK
1541,SBIN,TCS
1542,AXISBANK,AXISBANK
1543,RELIANCE,HDFCBANK
1544,TCS,WIPRO
1545,ICICIBANK,SBIN
1546,RELIANCE,HDFCBANK
1547,RELIANCE,RELIANCE
1548,RELIANCE,INFY
1549,SBIN,HDFCBANK
1550,TCS,INFY
1551,ICICIBANK,TCS
1552,WIPRO,AXISBANK
1553,ICICIBANK,HDFCBANK
1554,RELIANCE,AXISBANK
1555,ICICIBANK,SBIN
1556,TCS,SBIN
1557,SBIN,INFY
1558,SBIN,INFY
1559,WIPRO,HDFCBANK
1560,TCS,HDFCBANK
1561,AXISBANK,INFY
1562,HDFCBANK,ICICIBANK
1563,HDFCBANK,WIPRO
1564,ICICIBANK,SBIN
1565,HDFCBANK,WIPRO
1566,AXISBANK,ICICIBANK
1567,TCS,HDFCBANK
1568,TCS,TCS
1569,RELIANCE,ICICIBANK
1570,HDFCBANK,TCS
1571,SBIN,AXISBANK
1572,SBIN,RELIANCE
1573,RELIANCE,RELIANCE
1574,HDFCBANK,INFY
1575,HDFCBANK,ICICIBANK
1576,SBIN,SBIN
1577,SBIN,SBIN
1578,TCS,SBIN
1579,HDFCBANK,ICICIBANK
1580,ICICIBANK,ICICIBANK
1581,RELIANCE,WIPRO
1582,AXISBANK,INFY
1583,AXISBANK,ICICIBANK
1584,TCS,RELIANCE
1585,AXISBANK,AXISBANK
1586,SBIN,SBIN
1587,ICICIBANK,SBIN
1588,INFY,TCS
1589,SBIN,INFY
1590,WIPRO,RELIANCE
1591,TCS,ICICIBANK
1592,HDFCBANK,SBIN
1593,ICICIBANK,ICICIBANK
1594,TCS,RELIANCE
1595,AXISBANK,AXISBANK
1596,HDFCBANK,HDFCBANK
1597,INFY,AXISBANK
1598,SBIN,ICICIBANK
1599,ICICIBANK,TCS
1600,HDFCBANK,INFY
1601,SBIN,WIPRO
1602,ICICIBANK,HDFCBANK
1603,SBIN,SBIN
1604,RELIANCE,RELIANCE
1605,WIPRO,RELIANCE
1606,INFY,TCS
1607,SBIN,HDFCBANK
1608,ICICIBANK,AXISBANK
1609,SBIN,ICICIBANK
1610,ICICIBANK,AXISBANK
1611,INFY,TCS
1612,ICICIBANK,TCS
1613,SBIN,SBIN
1614,INFY,ICICIBANK
1615,HDFCBANK,INFY
1616,HDFCBANK,HDFCBANK
1617,SBIN,WIPRO
1618,AXISBANK,AXISBANK
1619,HDFCBANK,RELIANCE
1620,RELIANCE,RELIANCE
1621,WIPRO,INFY
1622,INFY,TCS
1623,TCS,AXISBANK
1624,TCS,AXISBANK
1625,ICICIBANK,WIPRO
1626,TCS,TCS
1627,ICICIBANK,WIPRO
1628,HDFCBANK,RELIANCE
1629,ICICIBANK,WIPRO
1630,TCS,WIPRO
1631,INFY,AXISBANK
1632,RELIANCE,HDFCBANK
1633,TCS,TCS
1634,ICICIBANK,AXISBANK
1635,RELIANCE,RELIANCE
1636,INFY,WIPRO
1637,RELIANCE,RELIANCE
1638,SBIN,WIPRO
1639,WIPRO,AXISBANK
1640,SBIN,HDFCBANK
1641,INFY,RELIANCE
1642,RELIANCE,RELIANCE
1643,HDFCBANK,RELIANCE
1644,WIPRO,SBIN
1645,RELIANCE,HDFCBANK
1646,HDFCBANK,WIPRO
1647,AXISBANK,WIPRO
1648,WIPRO,TCS
1649,ICICIBANK,RELIANCE
1650,AXISBANK,HDFCBANK
1651,TCS,SBIN
1652,HDFCBANK,INFY
1653,WIPRO,HDFCBANK
1654,AXISBANK,AXISBANK
1655,AXISBANK,INFY
1656,TCS,RELIANCE
1657,WIPRO,SBIN
1658,HDFCBANK,AXISBANK
1659,TCS,HDFCBANK
1660,SBIN,RELIANCE
1661,AXISBANK,AXISBANK
1662,WIPRO,INFY
1663,WIPRO,SBIN
1664,WIPRO,HDFCBANK
1665,RELIANCE,TCS
1666,INFY,WIPRO
1667,SBIN,AXISBANK
1668,HDFCBANK,SBIN
1669,TCS,WIPRO
1670,AXISBANK,WIPRO
1671,WIPRO,AXISBANK
1672,TCS,INFY
1673,RELIANCE,RELIANCE
1674,RELIANCE,RELIANCE
1675,ICICIBANK,RELIANCE
1676,SBIN,INFY
1677,ICICIBANK,ICICIBANK
1678,RELIANCE,HDFCBANK
1679,INFY,RELIANCE
1680,AXISBANK,AXISBANK
1681,INFY,ICICIBANK
1682,AXISBANK,HDFCBANK
1683,ICICIBANK,SBIN
1684,WIPRO,INFY
1685,HDFCBANK,HDFCBANK
1686,INFY,ICICIBANK
1687,ICICIBANK,ICICIBANK
1688,INFY,RELIANCE
1689,TCS,HDFCBANK
1690,RELIANCE,SBIN
1691,SBIN,INFY
1692,ICICIBANK,HDFCBANK
1693,INFY,INFY
1694,RELIANCE,TCS
1695,RELIANCE,HDFCBANK
1696,HDFCBANK,INFY
1697,AXISBANK,INFY
1698,HDFCBANK,HDFCBANK
1699,AXISBANK,AXISBANK
1700,AXISBANK,AXISBANK
1701,TCS,ICICIBANK
1702,AXISBANK,HDFCBANK
1703,ICICIBANK,TCS
1704,ICICIBANK,AXISBANK
1705,TCS,ICICIBANK
1706,TCS,INFY
1707,AXISBANK,SBIN
1708,TCS,ICICIBANK
1709,SBIN,ICICIBANK
1710,INFY,AXISBANK
1711,HDFCBANK,ICICIBANK
1712,TCS,AXISBANK
1713,SBIN,HDFCBANK
1714,SBIN,TCS
1715,AXISBANK,SBIN
1716,INFY,SBIN
1717,HDFCBANK,WIPRO
1718,TCS,TCS
1719,SBIN,HDFCBANK
1720,AXISBANK,AXISBANK
1721,HDFCBANK,HDFCBANK
1722,SBIN,RELIANCE
1723,TCS,ICICIBANK
1724,RELIANCE,ICICIBANK
1725,ICICIBANK,WIPRO
1726,RELIANCE,AXISBANK
1727,WIPRO,WIPRO
1728,AXISBANK,INFY
1729,INFY,WIPRO
1730,INFY,RELIANCE
1731,ICICIBANK,SBIN
1732,ICICIBANK,AXISBANK
1733,INFY,RELIANCE
1734,TCS,INFY
1735,HDFCBANK,WIPRO
1736,INFY,ICICIBANK
1737,SBIN,AXISBANK
1738,ICICIBANK,HDFCBANK
1739,RELIANCE,ICICIBANK
1740,ICICIBANK,HDFCBANK
1741,HDFCBANK,ICICIBANK
1742,AXISBANK,RELIANCE
1743,HDFCBANK,INFY
1744,SBIN,TCS
1745,ICICIBANK,RELIANCE
1746,WIPRO,SBIN
1747,WIPRO,ICICIBANK
1748,WIPRO,WIPRO
1749,ICICIBANK,SBIN
1750,AXISBANK,HDFCBANK
1751,HDFCBANK,INFY
1752,SBIN,HDFCBANK
1753,WIPRO,WIPRO
1754,HDFCBANK,HDFCBANK
1755,SBIN,WIPRO
1756,ICICIBANK,SBIN
1757,ICICIBANK,WIPRO
1758,ICICIBANK,TCS
1759,SBIN,AXISBANK
1760,WIPRO,AXISBANK
1761,WIPRO,TCS
1762,SBIN,HDFCBANK
1763,HDFCBANK,ICICIBANK
1764,INFY,TCS
1765,WIPRO,TCS
1766,RELIANCE,SBIN
1767,ICICIBANK,SBIN
1768,ICICIBANK,SBIN
1769,WIPRO,SBIN
1770,AXISBANK,RELIANCE
1771,RELIANCE,TCS
1772,WIPRO,TCS
1773,RELIANCE,WIPRO
1774,INFY,AXISBANK
1775,SBIN,WIPRO
1776,AXISBANK,ICICIBANK
1777,HDFCBANK,SBIN
1778,WIPRO,TCS
1779,AXISBANK,SBIN
1780,AXISBANK,ICICIBANK
1781,INFY,WIPRO
1782,TCS,HDFCBANK
1783,ICICIBANK,RELIANCE
1784,TCS,ICICIBANK
1785,WIPRO,WIPRO
1786,RELIANCE,HDFCBANK
1787,RELIANCE,ICICIBANK
1788,HDFCBANK,SBIN
1789,SBIN,TCS
1790,TCS,HDFCBANK
1791,AXISBANK,INFY
1792,WIPRO,TCS
1793,SBIN,ICICIBANK
1794,INFY,TCS
1795,INFY,WIPRO
1796,INFY,RELIANCE
1797,SBIN,TCS
1798,SBIN,WIPRO
1799,WIPRO,INFY
1800,WIPRO,SBIN
1801,HDFCBANK,SBIN
1802,ICICIBANK,HDFCBANK
1803,TCS,HDFCBANK
1804,SBIN,HDFCBANK
1805,TCS,INFY
1806,ICICIBANK,RELIANCE
1807,INFY,ICICIBANK
1808,WIPRO,RELIANCE
1809,TCS,TCS
1810,WIPRO,AXISBANK
1811,WIPRO,ICICIBANK
1812,INFY,TCS
1813,INFY,HDFCBANK
1814,INFY,SBIN
1815,HDFCBANK,INFY
1816,HDFCBANK,ICICIBANK
1817,ICICIBANK,WIPRO
1818,SBIN,HDFCBANK
1819,INFY,RELIANCE
1820,TCS,INFY
1821,AXISBANK,INFY
1822,WIPRO,HDFCBANK
1823,SBIN,INFY
1824,HDFCBANK,INFY
1825,SBIN,SBIN
1826,TCS,HDFCBANK
1827,ICICIBANK,AXISBANK
1828,ICICIBANK,TCS
1829,WIPRO,HDFCBANK
1830,AXISBANK,SBIN
1831,WIPRO,ICICIBANK
1832,INFY,TCS
1833,WIPRO,SBIN
1834,HDFCBANK,AXISBANK
1835,HDFCBANK,ICICIBANK
1836,WIPRO,SBIN
1837,RELIANCE,HDFCBANK
1838,INFY,SBIN
1839,ICICIBANK,ICICIBANK
1840,RELIANCE,ICICIBANK
1841,TCS,RELIANCE
1842,TCS,ICICIBANK
1843,AXISBANK,RELIANCE
1844,AXISBANK,WIPRO
1845,RELIANCE,AXISBANK
1846,SBIN,ICICIBANK
1847,RELIANCE,AXISBANK
1848,RELIANCE,HDFCBANK
1849,TCS,WIPRO
1850,WIPRO,ICICIBANK
1851,INFY,SBIN
1852,INFY,TCS
1853,AXISBANK,HDFCBANK
1854,SBIN,RELIANCE
1855,SBIN,INFY
1856,WIPRO,ICICIBANK
1857,INFY,AXISBANK
1858,HDFCBANK,TCS
1859,HDFCBANK,INFY
1860,RELIANCE,INFY
1861,RELIANCE,AXISBANK
1862,RELIANCE,AXISBANK
1863,ICICIBANK,HDFCBANK
1864,RELIANCE,RELIANCE
1865,ICICIBANK,INFY
1866,RELIANCE,RELIANCE
1867,ICICIBANK,HDFCBANK
1868,SBIN,INFY
1869,WIPRO,AXISBANK
1870,WIPRO,SBIN
1871,TCS,TCS
1872,INFY,AXISBANK
1873,INFY,TCS
1874,ICICIBANK,HDFCBANK
1875,HDFCBANK,ICICIBANK
1876,SBIN,SBIN
1877,TCS,TCS
1878,RELIANCE,SBIN
1879,INFY,ICICIBANK
1880,AXISBANK,AXISBANK
1881,RELIANCE,SBIN
1882,SBIN,HDFCBANK
1883,HDFCBANK,RELIANCE
1884,WIPRO,WIPRO
1885,HDFCBANK,RELIANCE
1886,HDFCBANK,TCS
1887,WIPRO,ICICIBANK
1888,HDFCBANK,AXISBANK
1889,HDFCBANK,ICICIBANK
1890,TCS,ICICIBANK
1891,RELIANCE,RELIANCE
1892,RELIANCE,WIPRO
1893,ICICIBANK,INFY
1894,INFY,ICICIBANK
1895,SBIN,RELIANCE
1896,AXISBANK,AXISBANK
1897,AXISBANK,HDFCBANK
1898,TCS,SBIN
1899,HDFCBANK,RELIANCE
1900,INFY,AXISBANK
1901,SBIN,ICICIBANK
1902,AXISBANK,AXISBANK
1903,HDFCBANK,TCS
1904,AXISBANK,INFY
1905,AXISBANK,ICICIBANK
1906,SBIN,TCS
1907,AXISBANK,HDFCBANK
1908,SBIN,WIPRO
1909,SBIN,HDFCBANK
1910,SBIN,WIPRO
1911,RELIANCE,INFY
1912,ICICIBANK,INFY
1913,RELIANCE,ICICIBANK
1914,RELIANCE,SBIN
1915,INFY,RELIANCE
1916,SBIN,RELIANCE
1917,AXISBANK,SBIN
1918,ICICIBANK,AXISBANK
1919,WIPRO,TCS
1920,INFY,INFY
1921,SBIN,HDFCBANK
1922,AXISBANK,AXISBANK
1923,AXISBANK,SBIN
1924,TCS,AXISBANK
1925,HDFCBANK,AXISBANK
1926,ICICIBANK,AXISBANK
1927,AXISBANK,TCS
1928,TCS,AXISBANK
1929,WIPRO,ICICIBANK
1930,SBIN,HDFCBANK
1931,TCS,RELIANCE
1932,ICICIBANK,SBIN
1933,HDFCBANK,INFY
1934,ICICIBANK,INFY
1935,TCS,TCS
1936,INFY,TCS
1937,INFY,INFY
1938,ICICIBANK,INFY
1939,RELIANCE,TCS
1940,ICICIBANK,AXISBANK
1941,SBIN,HDFCBANK
1942,TCS,TCS
1943,RELIANCE,ICICIBANK
1944,SBIN,RELIANCE
1945,ICICIBANK,INFY
1946,SBIN,WIPRO
1947,AXISBANK,SBIN
1948,SBIN,ICICIBANK
1949,TCS,RELIANCE
1950,RELIANCE,WIPRO
1951,ICICIBANK,HDFCBANK
1952,WIPRO,ICICIBANK
1953,RELIANCE,TCS
1954,HDFCBANK,TCS
1955,RELIANCE,ICICIBANK
1956,INFY,RELIANCE
1957,SBIN,SBIN
1958,INFY,HDFCBANK
1959,HDFCBANK,SBIN
1960,HDFCBANK,HDFCBANK
1961,SBIN,TCS
1962,TCS,TCS
1963,INFY,INFY
1964,TCS,ICICIBANK
1965,ICICIBANK,INFY
1966,TCS,ICICIBANK
1967,AXISBANK,INFY
1968,WIPRO,ICICIBANK
1969,ICICIBANK,WIPRO
1970,AXISBANK,WIPRO
1971,INFY,INFY
1972,INFY,WIPRO
1973,RELIANCE,WIPRO
1974,AXISBANK,INFY
1975,SBIN,AXISBANK
1976,AXISBANK,ICICIBANK
1977,TCS,RELIANCE
1978,SBIN,SBIN
1979,TCS,ICICIBANK
1980,AXISBANK,SBIN
1981,ICICIBANK,TCS
1982,RELIANCE,RELIANCE
1983,TCS,WIPRO
1984,ICICIBANK,AXISBANK
1985,INFY,WIPRO
1986,RELIANCE,TCS
1987,AXISBANK,WIPRO
1988,HDFCBANK,AXISBANK
1989,HDFCBANK,ICICIBANK
1990,INFY,ICICIBANK
1991,ICICIBANK,HDFCBANK
1992,RELIANCE,HDFCBANK
1993,AXISBANK,SBIN
1994,ICICIBANK,AXISBANK
1995,TCS,HDFCBANK
1996,AXISBANK,AXISBANK
1997,INFY,SBIN
1998,AXISBANK,WIPRO
1999,SBIN,AXISBANK
2000,INFY,WIPRO
