action_id,split_ratio
1,2:1
2,5:1
3,2:1
4,2:1
5,5:1
6,5:1
7,5:1
8,10:1
9,2:1
10,5:1
11,5:1
12,10:1
13,2:1
14,10:1
15,2:1
16,10:1
17,10:1
18,10:1
19,10:1
20,2:1
21,5:1
22,10:1
23,2:1
24,5:1
25,2:1
26,5:1
27,5:1
28,2:1
29,10:1
30,5:1
31,10:1
32,2:1
33,2:1
34,2:1
35,2:1
36,5:1
37,2:1
38,5:1
39,5:1
40,10:1
41,2:1
42,2:1
43,5:1
44,5:1
45,10:1
46,10:1
47,2:1
48,5:1
49,2:1
50,5:1
51,2:1
52,5:1
53,10:1
54,10:1
55,2:1
56,2:1
57,10:1
58,10:1
59,2:1
60,10:1
61,10:1
62,10:1
63,5:1
64,2:1
65,2:1
66,2:1
67,2:1
68,5:1
69,2:1
70,5:1
71,10:1
72,10:1
73,2:1
74,2:1
75,5:1
76,10:1
77,2:1
78,5:1
79,5:1
80,10:1
81,5:1
82,10:1
83,10:1
84,5:1
85,10:1
86,5:1
87,5:1
88,10:1
89,2:1
90,2:1
91,2:1
92,10:1
93,5:1
94,5:1
95,10:1
96,5:1
97,2:1
98,2:1
99,10:1
100,10:1
101,10:1
102,2:1
103,10:1
104,10:1
105,5:1
106,5:1
107,5:1
108,10:1
109,2:1
110,5:1
111,5:1
112,5:1
113,5:1
114,2:1
115,10:1
116,10:1
117,10:1
118,2:1
119,5:1
120,10:1
121,2:1
122,5:1
123,2:1
124,5:1
125,10:1
126,5:1
127,5:1
128,2:1
129,5:1
130,5:1
131,10:1
132,10:1
133,2:1
134,5:1
135,5:1
136,5:1
137,2:1
138,5:1
139,2:1
140,2:1
141,5:1
142,2:1
143,10:1
144,5:1
145,5:1
146,2:1
147,5:1
148,10:1
149,5:1
150,10:1
151,5:1
152,10:1
153,2:1
154,5:1
155,2:1
156,5:1
157,2:1
158,2:1
159,2:1
160,5:1
161,2:1
162,10:1
163,10:1
164,10:1
165,5:1
166,2:1
167,10:1
168,10:1
169,2:1
170,10:1
171,10:1
172,5:1
173,5:1
174,5:1
175,10:1
176,10:1
177,2:1
178,5:1
179,2:1
180,10:1
181,2:1
182,2:1
183,2:1
184,10:1
185,5:1
186,5:1
187,2:1
188,10:1
189,10:1
190,5:1
191,5:1
192,2:1
193,10:1
194,10:1
195,5:1
196,5:1
197,10:1
198,10:1
199,5:1
200,5:1
201,10:1
202,2:1
203,10:1
204,5:1
205,5:1
206,10:1
207,5:1
208,10:1
209,10:1
210,2:1
211,10:1
212,5:1
213,2:1
214,2:1
215,5:1
216,5:1
217,2:1
218,5:1
219,10:1
220,5:1
221,2:1
222,5:1
223,5:1
224,5:1
225,10:1
226,10:1
227,2:1
228,5:1
229,5:1
230,10:1
231,2:1
232,10:1
233,2:1
234,2:1
235,5:1
236,5:1
237,5:1
238,10:1
239,10:1
240,5:1
241,2:1
242,2:1
243,5:1
244,2:1
245,5:1
246,2:1
247,5:1
248,2:1
249,2:1
250,10:1
251,10:1
252,5:1
253,2:1
254,10:1
255,2:1
256,10:1
257,5:1
258,2:1
259,10:1
260,5:1
261,5:1
262,5:1
263,10:1
264,5:1
265,5:1
266,10:1
267,2:1
268,10:1
269,5:1
270,10:1
271,10:1
272,5:1
273,5:1
274,10:1
275,5:1
276,2:1
277,5:1
278,5:1
279,2:1
280,5:1
281,10:1
282,10:1
283,2:1
284,5:1
285,5:1
286,5:1
287,2:1
288,10:1
289,5:1
290,5:1
291,10:1
292,10:1
293,10:1
294,10:1
295,10:1
296,10:1
297,2:1
298,5:1
299,10:1
300,2:1
301,10:1
302,5:1
303,10:1
304,5:1
305,2:1
306,5:1
307,10:1
308,10:1
309,2:1
310,10:1
311,5:1
312,10:1
313,2:1
314,5:1
315,5:1
316,5:1
317,2:1
318,10:1
319,2:1
320,10:1
321,2:1
322,2:1
323,5:1
324,5:1
325,5:1
326,2:1
327,5:1
328,2:1
329,2:1
330,10:1
331,2:1
332,5:1
333,2:1
334,2:1
335,5:1
336,5:1
337,5:1
338,5:1
339,5:1
340,5:1
341,10:1
342,5:1
343,2:1
344,5:1
345,5:1
346,2:1
347,5:1
348,2:1
349,2:1
350,10:1
351,2:1
352,10:1
353,10:1
354,10:1
355,10:1
356,5:1
357,2:1
358,5:1
359,10:1
360,5:1
361,10:1
362,5:1
363,2:1
364,2:1
365,5:1
366,5:1
367,5:1
368,10:1
369,2:1
370,5:1
371,2:1
372,5:1
373,5:1
374,10:1
375,5:1
376,2:1
377,10:1
378,10:1
379,5:1
380,2:1
381,2:1
382,10:1
383,5:1
384,5:1
385,10:1
386,10:1
387,2:1
388,2:1
389,5:1
390,2:1
391,5:1
392,10:1
393,5:1
394,10:1
395,10:1
396,5:1
397,10:1
398,2:1
399,5:1
400,5:1
401,10:1
402,2:1
403,5:1
404,10:1
405,2:1
406,5:1
407,10:1
408,2:1
409,10:1
410,10:1
411,2:1
412,2:1
413,10:1
414,2:1
415,2:1
416,2:1
417,10:1
418,5:1
419,10:1
420,5:1
421,5:1
422,10:1
423,10:1
424,2:1
425,2:1
426,2:1
427,2:1
428,2:1
429,10:1
430,5:1
431,10:1
432,2:1
433,10:1
434,5:1
435,2:1
436,10:1
437,5:1
438,5:1
439,2:1
440,5:1
441,2:1
442,2:1
443,10:1
444,10:1
445,5:1
446,5:1
447,5:1
448,2:1
449,10:1
450,5:1
451,5:1
452,10:1
453,10:1
454,5:1
455,10:1
456,2:1
457,5:1
458,10:1
459,2:1
460,5:1
461,2:1
462,10:1
463,10:1
464,5:1
465,10:1
466,5:1
467,5:1
468,10:1
469,2:1
470,2:1
471,2:1
472,10:1
473,2:1
474,10:1
475,10:1
476,2:1
477,10:1
478,10:1
479,5:1
480,5:1
481,10:1
482,2:1
483,2:1
484,2:1
485,10:1
486,2:1
487,5:1
488,10:1
489,10:1
490,10:1
491,10:1
492,2:1
493,2:1
494,10:1
495,5:1
496,2:1
497,2:1
498,5:1
499,5:1
500,2:1
501,5:1
502,5:1
503,10:1
504,2:1
505,5:1
506,10:1
507,2:1
508,5:1
509,2:1
510,10:1
511,2:1
512,5:1
513,10:1
514,5:1
515,2:1
516,2:1
517,5:1
518,2:1
519,10:1
520,5:1
521,5:1
522,2:1
523,5:1
524,10:1
525,2:1
526,5:1
527,2:1
528,2:1
529,5:1
530,10:1
531,2:1
532,5:1
533,10:1
534,2:1
535,10:1
536,10:1
537,5:1
538,2:1
539,2:1
540,2:1
541,2:1
542,5:1
543,10:1
544,5:1
545,2:1
546,2:1
547,5:1
548,2:1
549,2:1
550,10:1
551,5:1
552,2:1
553,5:1
554,2:1
555,2:1
556,10:1
557,10:1
558,2:1
559,10:1
560,10:1
561,5:1
562,5:1
563,2:1
564,2:1
565,2:1
566,5:1
567,2:1
568,10:1
569,10:1
570,10:1
571,10:1
572,5:1
573,10:1
574,5:1
575,5:1
576,10:1
577,10:1
578,10:1
579,10:1
580,5:1
581,2:1
582,5:1
583,5:1
584,10:1
585,2:1
586,2:1
587,2:1
588,2:1
589,5:1
590,2:1
591,10:1
592,5:1
593,10:1
594,2:1
595,10:1
596,2:1
597,10:1
598,2:1
599,10:1
600,5:1
601,5:1
602,5:1
603,5:1
604,10:1
605,5:1
606,2:1
607,10:1
608,2:1
609,5:1
610,2:1
611,10:1
612,5:1
613,5:1
614,2:1
615,5:1
616,2:1
617,10:1
618,10:1
619,10:1
620,10:1
621,10:1
622,10:1
623,5:1
624,2:1
625,2:1
626,5:1
627,2:1
628,2:1
629,10:1
630,2:1
631,2:1
632,5:1
633,2:1
634,2:1
635,10:1
636,2:1
637,10:1
638,2:1
639,5:1
640,10:1
641,5:1
642,10:1
643,10:1
644,10:1
645,10:1
646,10:1
647,5:1
648,5:1
649,10:1
650,5:1
651,10:1
652,2:1
653,5:1
654,5:1
655,5:1
656,2:1
657,2:1
658,2:1
659,5:1
660,2:1
661,2:1
662,10:1
663,5:1
664,2:1
665,5:1
666,10:1
667,2:1
668,2:1
669,10:1
670,2:1
671,10:1
672,2:1
673,2:1
674,5:1
675,2:1
676,2:1
677,5:1
678,10:1
679,5:1
680,5:1
681,10:1
682,10:1
683,2:1
684,5:1
685,10:1
686,2:1
687,10:1
688,10:1
689,5:1
690,10:1
691,5:1
692,2:1
693,2:1
694,5:1
695,10:1
696,10:1
697,2:1
698,5:1
699,2:1
700,2:1
701,5:1
702,5:1
703,2:1
704,5:1
705,10:1
706,10:1
707,10:1
708,2:1
709,10:1
710,5:1
711,10:1
712,5:1
713,10:1
714,10:1
715,10:1
716,5:1
717,10:1
718,10:1
719,10:1
720,10:1
721,10:1
722,5:1
723,10:1
724,5:1
725,5:1
726,2:1
727,2:1
728,2:1
729,5:1
730,5:1
731,5:1
732,5:1
733,2:1
734,2:1
735,5:1
736,5:1
737,5:1
738,5:1
739,10:1
740,5:1
741,5:1
742,10:1
743,10:1
744,2:1
745,5:1
746,2:1
747,5:1
748,5:1
749,10:1
750,2:1
751,10:1
752,5:1
753,10:1
754,5:1
755,10:1
756,10:1
757,2:1
758,2:1
759,5:1
760,10:1
761,10:1
762,10:1
763,10:1
764,5:1
765,10:1
766,5:1
767,10:1
768,2:1
769,10:1
770,2:1
771,10:1
772,5:1
773,10:1
774,10:1
775,10:1
776,2:1
777,2:1
778,10:1
779,10:1
780,5:1
781,2:1
782,5:1
783,5:1
784,5:1
785,2:1
786,10:1
787,10:1
788,5:1
789,10:1
790,2:1
791,2:1
792,5:1
793,2:1
794,2:1
795,2:1
796,5:1
797,10:1
798,10:1
799,10:1
800,10:1
801,2:1
802,5:1
803,5:1
804,10:1
805,10:1
806,10:1
807,2:1
808,5:1
809,5:1
810,5:1
811,5:1
812,2:1
813,5:1
814,5:1
815,2:1
816,2:1
817,5:1
818,5:1
819,10:1
820,2:1
821,2:1
822,2:1
823,2:1
824,5:1
825,2:1
826,5:1
827,5:1
828,5:1
829,5:1
830,10:1
831,5:1
832,5:1
833,10:1
834,2:1
835,5:1
836,10:1
837,5:1
838,2:1
839,5:1
840,5:1
841,2:1
842,5:1
843,2:1
844,2:1
845,5:1
846,2:1
847,10:1
848,2:1
849,5:1
850,5:1
851,10:1
852,2:1
853,10:1
854,2:1
855,5:1
856,5:1
857,10:1
858,5:1
859,10:1
860,5:1
861,10:1
862,5:1
863,10:1
864,5:1
865,5:1
866,5:1
867,5:1
868,10:1
869,10:1
870,2:1
871,5:1
872,2:1
873,10:1
874,5:1
875,2:1
876,10:1
877,5:1
878,2:1
879,2:1
880,10:1
881,10:1
882,10:1
883,5:1
884,5:1
885,5:1
886,5:1
887,2:1
888,2:1
889,5:1
890,5:1
891,5:1
892,10:1
893,10:1
894,5:1
895,2:1
896,5:1
897,10:1
898,10:1
899,2:1
900,10:1
901,10:1
902,2:1
903,2:1
904,5:1
905,2:1
906,2:1
907,5:1
908,10:1
909,10:1
910,10:1
911,2:1
912,2:1
913,5:1
914,10:1
915,5:1
916,2:1
917,5:1
918,10:1
919,2:1
920,5:1
921,2:1
922,10:1
923,5:1
924,2:1
925,2:1
926,2:1
927,2:1
928,5:1
929,10:1
930,5:1
931,2:1
932,5:1
933,10:1
934,2:1
935,5:1
936,10:1
937,10:1
938,5:1
939,10:1
940,5:1
941,2:1
942,2:1
943,2:1
944,10:1
945,10:1
946,2:1
947,10:1
948,2:1
949,5:1
950,2:1
951,10:1
952,2:1
953,5:1
954,5:1
955,2:1
956,5:1
957,2:1
958,10:1
959,2:1
960,5:1
961,2:1
962,5:1
963,5:1
964,10:1
965,5:1
966,10:1
967,2:1
968,2:1
969,10:1
970,10:1
971,10:1
972,2:1
973,5:1
974,5:1
975,2:1
976,2:1
977,2:1
978,10:1
979,5:1
980,10:1
981,10:1
982,5:1
983,10:1
984,2:1
985,10:1
986,5:1
987,2:1
988,10:1
989,2:1
990,2:1
991,2:1
992,2:1
993,10:1
994,2:1
995,5:1
996,5:1
997,5:1
998,10:1
999,2:1
1000,5:1
1001,2:1
1002,10:1
1003,2:1
1004,2:1
1005,10:1
1006,2:1
1007,10:1
1008,2:1
1009,10:1
1010,10:1
1011,2:1
1012,5:1
1013,5:1
1014,10:1
1015,10:1
1016,2:1
1017,10:1
1018,5:1
1019,5:1
1020,2:1
1021,5:1
1022,5:1
1023,2:1
1024,5:1
1025,10:1
1026,2:1
1027,10:1
1028,2:1
1029,2:1
1030,10:1
1031,2:1
1032,2:1
1033,10:1
1034,10:1
1035,10:1
1036,5:1
1037,5:1
1038,5:1
1039,10:1
1040,2:1
1041,5:1
1042,10:1
1043,10:1
1044,2:1
1045,2:1
1046,10:1
1047,5:1
1048,5:1
1049,2:1
1050,5:1
1051,2:1
1052,2:1
1053,5:1
1054,2:1
1055,10:1
1056,2:1
1057,2:1
1058,2:1
1059,5:1
1060,2:1
1061,10:1
1062,5:1
1063,2:1
1064,5:1
1065,5:1
1066,5:1
1067,2:1
1068,2:1
1069,10:1
1070,5:1
1071,10:1
1072,5:1
1073,5:1
1074,2:1
1075,5:1
1076,10:1
1077,2:1
1078,10:1
1079,2:1
1080,5:1
1081,10:1
1082,2:1
1083,5:1
1084,5:1
1085,5:1
1086,5:1
1087,5:1
1088,5:1
1089,5:1
1090,10:1
1091,2:1
1092,2:1
1093,10:1
1094,10:1
1095,5:1
1096,5:1
1097,2:1
1098,10:1
1099,10:1
1100,5:1
1101,5:1
1102,2:1
1103,2:1
1104,5:1
1105,2:1
1106,2:1
1107,2:1
1108,5:1
1109,10:1
1110,5:1
1111,2:1
1112,5:1
1113,2:1
1114,5:1
1115,2:1
1116,10:1
1117,2:1
1118,10:1
1119,10:1
1120,10:1
1121,10:1
1122,10:1
1123,2:1
1124,10:1
1125,5:1
1126,5:1
1127,2:1
1128,10:1
1129,10:1
1130,10:1
1131,2:1
1132,10:1
1133,10:1
1134,10:1
1135,5:1
1136,10:1
1137,2:1
1138,5:1
1139,10:1
1140,2:1
1141,10:1
1142,2:1
1143,2:1
1144,5:1
1145,10:1
1146,2:1
1147,10:1
1148,2:1
1149,10:1
1150,10:1
1151,2:1
1152,5:1
1153,10:1
1154,10:1
1155,2:1
1156,5:1
1157,10:1
1158,5:1
1159,5:1
1160,2:1
1161,5:1
1162,5:1
1163,5:1
1164,2:1
1165,2:1
1166,2:1
1167,5:1
1168,5:1
1169,5:1
1170,5:1
1171,10:1
1172,10:1
1173,2:1
1174,2:1
1175,5:1
1176,5:1
1177,10:1
1178,2:1
1179,2:1
1180,5:1
1181,2:1
1182,10:1
1183,10:1
1184,5:1
1185,5:1
1186,5:1
1187,5:1
1188,10:1
1189,10:1
1190,5:1
1191,10:1
1192,10:1
1193,10:1
1194,2:1
1195,2:1
1196,10:1
1197,5:1
1198,5:1
1199,5:1
1200,10:1
1201,5:1
1202,10:1
1203,2:1
1204,10:1
1205,2:1
1206,2:1
1207,10:1
1208,5:1
1209,10:1
1210,5:1
1211,5:1
1212,5:1
1213,10:1
1214,5:1
1215,10:1
1216,10:1
1217,10:1
1218,5:1
1219,10:1
1220,10:1
1221,10:1
1222,2:1
1223,5:1
1224,5:1
1225,2:1
1226,5:1
1227,2:1
1228,10:1
1229,2:1
1230,5:1
1231,2:1
1232,2:1
1233,10:1
1234,5:1
1235,2:1
1236,2:1
1237,2:1
1238,10:1
1239,5:1
1240,10:1
1241,10:1
1242,10:1
1243,2:1
1244,10:1
1245,5:1
1246,2:1
1247,2:1
1248,5:1
1249,10:1
1250,10:1
1251,10:1
1252,5:1
1253,5:1
1254,5:1
1255,10:1
1256,10:1
1257,2:1
1258,5:1
1259,10:1
1260,5:1
1261,2:1
1262,10:1
1263,5:1
1264,10:1
1265,2:1
1266,2:1
1267,5:1
1268,5:1
1269,2:1
1270,5:1
1271,2:1
1272,10:1
1273,10:1
1274,5:1
1275,10:1
1276,10:1
1277,5:1
1278,10:1
1279,5:1
1280,5:1
1281,10:1
1282,2:1
1283,2:1
1284,5:1
1285,2:1
1286,5:1
1287,2:1
1288,2:1
1289,5:1
1290,5:1
1291,5:1
1292,2:1
1293,10:1
1294,2:1
1295,10:1
1296,10:1
1297,10:1
1298,10:1
1299,5:1
1300,10:1
1301,5:1
1302,2:1
1303,5:1
1304,5:1
1305,10:1
1306,10:1
1307,2:1
1308,2:1
1309,5:1
1310,2:1
1311,2:1
1312,2:1
1313,5:1
1314,5:1
1315,10:1
1316,10:1
1317,10:1
1318,2:1
1319,5:1
1320,10:1
1321,2:1
1322,10:1
1323,10:1
1324,5:1
1325,5:1
1326,5:1
1327,10:1
1328,2:1
1329,2:1
1330,10:1
1331,2:1
1332,2:1
1333,5:1
1334,2:1
1335,2:1
1336,10:1
1337,10:1
1338,5:1
1339,10:1
1340,5:1
1341,2:1
1342,10:1
1343,5:1
1344,10:1
1345,10:1
1346,2:1
1347,10:1
1348,2:1
1349,5:1
1350,10:1
1351,2:1
1352,2:1
1353,5:1
1354,2:1
1355,2:1
1356,5:1
1357,10:1
1358,2:1
1359,5:1
1360,2:1
1361,2:1
1362,10:1
1363,5:1
1364,5:1
1365,10:1
1366,2:1
1367,10:1
1368,10:1
1369,5:1
1370,2:1
1371,2:1
1372,5:1
1373,10:1
1374,2:1
1375,10:1
1376,2:1
1377,5:1
1378,10:1
1379,2:1
1380,10:1
1381,5:1
1382,5:1
1383,5:1
1384,10:1
1385,10:1
1386,5:1
1387,2:1
1388,5:1
1389,2:1
1390,2:1
1391,5:1
1392,2:1
1393,5:1
1394,10:1
1395,5:1
1396,10:1
1397,10:1
1398,5:1
1399,2:1
1400,5:1
1401,5:1
1402,5:1
1403,10:1
1404,5:1
1405,5:1
1406,2:1
1407,2:1
1408,10:1
1409,2:1
1410,10:1
1411,5:1
1412,5:1
1413,10:1
1414,5:1
1415,10:1
1416,2:1
1417,10:1
1418,10:1
1419,10:1
1420,2:1
1421,10:1
1422,5:1
1423,10:1
1424,10:1
1425,10:1
1426,10:1
1427,10:1
1428,2:1
1429,2:1
1430,5:1
1431,2:1
1432,5:1
1433,2:1
1434,5:1
1435,10:1
1436,2:1
1437,5:1
1438,2:1
1439,10:1
1440,10:1
1441,2:1
1442,2:1
1443,5:1
1444,10:1
1445,10:1
1446,2:1
1447,2:1
1448,10:1
1449,10:1
1450,10:1
1451,2:1
1452,5:1
1453,5:1
1454,10:1
1455,5:1
1456,10:1
1457,10:1
1458,10:1
1459,2:1
1460,5:1
1461,10:1
1462,5:1
1463,5:1
1464,2:1
1465,2:1
1466,2:1
1467,2:1
1468,2:1
1469,5:1
1470,2:1
1471,2:1
1472,5:1
1473,2:1
1474,5:1
1475,2:1
1476,2:1
1477,5:1
1478,5:1
1479,10:1
1480,2:1
1481,10:1
1482,10:1
1483,2:1
1484,2:1
1485,10:1
1486,10:1
1487,2:1
1488,5:1
1489,2:1
1490,5:1
1491,5:1
1492,2:1
1493,5:1
1494,2:1
1495,10:1
1496,10:1
1497,5:1
1498,10:1
1499,2:1
1500,5:1
1501,5:1
1502,5:1
1503,5:1
1504,10:1
1505,2:1
1506,10:1
1507,5:1
1508,5:1
1509,10:1
1510,2:1
1511,10:1
1512,5:1
1513,2:1
1514,10:1
1515,2:1
1516,2:1
1517,2:1
1518,2:1
1519,5:1
1520,10:1
1521,10:1
1522,5:1
1523,2:1
1524,10:1
1525,10:1
1526,5:1
1527,10:1
1528,10:1
1529,5:1
1530,2:1
1531,5:1
1532,10:1
1533,5:1
1534,5:1
1535,2:1
1536,5:1
1537,5:1
1538,2:1
1539,5:1
1540,5:1
1541,2:1
1542,10:1
1543,5:1
1544,2:1
1545,10:1
1546,2:1
1547,5:1
1548,5:1
1549,5:1
1550,5:1
1551,2:1
1552,5:1
1553,2:1
1554,5:1
1555,2:1
1556,10:1
1557,10:1
1558,10:1
1559,5:1
1560,10:1
1561,2:1
1562,5:1
1563,5:1
1564,5:1
1565,2:1
1566,10:1
1567,2:1
1568,2:1
1569,2:1
1570,2:1
1571,10:1
1572,2:1
1573,2:1
1574,2:1
1575,10:1
1576,2:1
1577,5:1
1578,2:1
1579,5:1
1580,2:1
1581,2:1
1582,5:1
1583,2:1
1584,10:1
1585,5:1
1586,5:1
1587,2:1
1588,10:1
1589,5:1
1590,5:1
1591,5:1
1592,10:1
1593,5:1
1594,2:1
1595,5:1
1596,2:1
1597,2:1
1598,5:1
1599,5:1
1600,10:1
1601,5:1
1602,5:1
1603,2:1
1604,5:1
1605,10:1
1606,2:1
1607,5:1
1608,2:1
1609,10:1
1610,2:1
1611,5:1
1612,10:1
1613,5:1
1614,2:1
1615,5:1
1616,2:1
1617,10:1
1618,2:1
1619,5:1
1620,5:1
1621,5:1
1622,10:1
1623,2:1
1624,2:1
1625,2:1
1626,2:1
1627,10:1
1628,5:1
1629,2:1
1630,5:1
1631,10:1
1632,2:1
1633,2:1
1634,5:1
1635,10:1
1636,10:1
1637,2:1
1638,5:1
1639,5:1
1640,10:1
1641,10:1
1642,2:1
1643,10:1
1644,5:1
1645,5:1
1646,5:1
1647,5:1
1648,10:1
1649,2:1
1650,5:1
1651,2:1
1652,2:1
1653,2:1
1654,5:1
1655,5:1
1656,5:1
1657,5:1
1658,10:1
1659,10:1
1660,10:1
1661,10:1
1662,2:1
1663,5:1
1664,5:1
1665,10:1
1666,2:1
1667,10:1
1668,2:1
1669,2:1
1670,10:1
1671,5:1
1672,5:1
1673,10:1
1674,5:1
1675,2:1
1676,10:1
1677,2:1
1678,2:1
1679,5:1
1680,10:1
1681,5:1
1682,10:1
1683,5:1
1684,5:1
1685,5:1
1686,2:1
1687,2:1
1688,5:1
1689,10:1
1690,2:1
1691,2:1
1692,10:1
1693,10:1
1694,5:1
1695,5:1
1696,10:1
1697,10:1
1698,10:1
1699,10:1
1700,5:1
1701,5:1
1702,2:1
1703,2:1
1704,2:1
1705,10:1
1706,10:1
1707,5:1
1708,5:1
1709,2:1
1710,10:1
1711,2:1
1712,5:1
1713,10:1
1714,5:1
1715,10:1
1716,2:1
1717,2:1
1718,5:1
1719,10:1
1720,10:1
1721,10:1
1722,10:1
1723,10:1
1724,5:1
1725,10:1
1726,10:1
1727,5:1
1728,5:1
1729,2:1
1730,10:1
1731,2:1
1732,10:1
1733,5:1
1734,2:1
1735,10:1
1736,5:1
1737,5:1
1738,5:1
1739,2:1
1740,5:1
1741,10:1
1742,5:1
1743,10:1
1744,5:1
1745,2:1
1746,2:1
1747,5:1
1748,10:1
1749,10:1
1750,2:1
1751,5:1
1752,2:1
1753,2:1
1754,5:1
1755,2:1
1756,10:1
1757,5:1
1758,2:1
1759,10:1
1760,5:1
1761,2:1
1762,5:1
1763,5:1
1764,5:1
1765,5:1
1766,5:1
1767,10:1
1768,2:1
1769,2:1
1770,10:1
1771,5:1
1772,2:1
1773,10:1
1774,2:1
1775,5:1
1776,5:1
1777,2:1
1778,10:1
1779,2:1
1780,2:1
1781,5:1
1782,5:1
1783,10:1
1784,10:1
1785,5:1
1786,5:1
1787,2:1
1788,5:1
1789,10:1
1790,10:1
1791,5:1
1792,5:1
1793,5:1
1794,2:1
1795,5:1
1796,5:1
1797,10:1
1798,10:1
1799,5:1
1800,2:1
1801,2:1
1802,10:1
1803,5:1
1804,2:1
1805,5:1
1806,10:1
1807,2:1
1808,10:1
1809,5:1
1810,5:1
1811,2:1
1812,10:1
1813,5:1
1814,2:1
1815,2:1
1816,5:1
1817,10:1
1818,2:1
1819,5:1
1820,10:1
1821,5:1
1822,5:1
1823,5:1
1824,2:1
1825,2:1
1826,2:1
1827,10:1
1828,5:1
1829,5:1
1830,2:1
1831,10:1
1832,10:1
1833,10:1
1834,5:1
1835,10:1
1836,5:1
1837,5:1
1838,2:1
1839,2:1
1840,2:1
1841,10:1
1842,5:1
1843,2:1
1844,10:1
1845,10:1
1846,5:1
1847,2:1
1848,10:1
1849,10:1
1850,2:1
1851,10:1
1852,5:1
1853,5:1
1854,10:1
1855,2:1
1856,10:1
1857,10:1
1858,2:1
1859,2:1
1860,10:1
1861,2:1
1862,10:1
1863,2:1
1864,2:1
1865,5:1
1866,5:1
1867,5:1
1868,5:1
1869,2:1
1870,5:1
1871,2:1
1872,5:1
1873,10:1
1874,5:1
1875,5:1
1876,10:1
1877,2:1
1878,5:1
1879,5:1
1880,10:1
1881,2:1
1882,2:1
1883,5:1
1884,2:1
1885,2:1
1886,2:1
1887,5:1
1888,2:1
1889,2:1
1890,10:1
1891,10:1
1892,2:1
1893,2:1
1894,10:1
1895,5:1
1896,2:1
1897,10:1
1898,5:1
1899,10:1
1900,10:1
1901,2:1
1902,10:1
1903,2:1
1904,10:1
1905,10:1
1906,5:1
1907,2:1
1908,5:1
1909,10:1
1910,2:1
1911,2:1
1912,10:1
1913,5:1
1914,10:1
1915,5:1
1916,10:1
1917,5:1
1918,5:1
1919,5:1
1920,5:1
1921,2:1
1922,2:1
1923,5:1
1924,10:1
1925,5:1
1926,2:1
1927,10:1
1928,10:1
1929,5:1
1930,5:1
1931,2:1
1932,2:1
1933,10:1
1934,5:1
1935,2:1
1936,2:1
1937,5:1
1938,2:1
1939,5:1
1940,5:1
1941,2:1
1942,10:1
1943,10:1
1944,2:1
1945,10:1
1946,5:1
1947,2:1
1948,10:1
1949,2:1
1950,2:1
1951,2:1
1952,5:1
1953,10:1
1954,10:1
1955,10:1
1956,5:1
1957,2:1
1958,2:1
1959,10:1
1960,5:1
1961,5:1
1962,2:1
1963,10:1
1964,2:1
1965,5:1
1966,2:1
1967,10:1
1968,10:1
1969,10:1
1970,5:1
1971,10:1
1972,5:1
1973,5:1
1974,5:1
1975,5:1
1976,2:1
1977,10:1
1978,2:1
1979,10:1
1980,5:1
1981,10:1
1982,2:1
1983,10:1
1984,5:1
1985,10:1
1986,5:1
1987,2:1
1988,5:1
1989,5:1
1990,10:1
1991,2:1
1992,5:1
1993,10:1
1994,10:1
1995,10:1
1996,2:1
1997,2:1
1998,5:1
1999,10:1
2000,10:1
2001,2:1
2002,2:1
2003,10:1
2004,10:1
2005,5:1
2006,10:1
2007,5:1
2008,5:1
2009,10:1
2010,2:1
2011,5:1
2012,5:1
2013,10:1
2014,10:1
2015,10:1
2016,10:1
2017,2:1
2018,5:1
2019,10:1
2020,5:1
2021,10:1
2022,2:1
2023,5:1
2024,5:1
2025,5:1
2026,2:1
2027,2:1
2028,5:1
2029,10:1
2030,10:1
2031,2:1
2032,10:1
2033,5:1
2034,5:1
2035,5:1
2036,2:1
2037,5:1
2038,2:1
2039,5:1
2040,5:1
2041,5:1
2042,5:1
2043,10:1
2044,5:1
2045,5:1
2046,5:1
2047,5:1
2048,10:1
2049,5:1
2050,10:1
2051,5:1
2052,2:1
2053,2:1
2054,2:1
2055,10:1
2056,2:1
2057,10:1
2058,10:1
2059,2:1
2060,10:1
2061,2:1
2062,10:1
2063,10:1
2064,5:1
2065,2:1
2066,5:1
2067,5:1
2068,2:1
2069,5:1
2070,10:1
2071,5:1
2072,10:1
2073,2:1
2074,10:1
2075,5:1
2076,10:1
2077,10:1
2078,10:1
2079,2:1
2080,10:1
2081,5:1
2082,5:1
2083,5:1
2084,5:1
2085,5:1
2086,2:1
2087,2:1
2088,2:1
2089,5:1
2090,10:1
2091,2:1
2092,5:1
2093,5:1
2094,5:1
2095,10:1
2096,5:1
2097,2:1
2098,10:1
2099,2:1
2100,10:1
2101,2:1
2102,5:1
2103,10:1
2104,10:1
2105,5:1
2106,2:1
2107,10:1
2108,10:1
2109,5:1
2110,10:1
2111,2:1
2112,5:1
2113,2:1
2114,10:1
2115,10:1
2116,5:1
2117,10:1
2118,5:1
2119,5:1
2120,10:1
2121,10:1
2122,10:1
2123,2:1
2124,2:1
2125,2:1
2126,2:1
2127,10:1
2128,10:1
2129,10:1
2130,2:1
2131,5:1
2132,2:1
2133,2:1
2134,5:1
2135,10:1
2136,5:1
2137,2:1
2138,5:1
2139,2:1
2140,10:1
2141,2:1
2142,10:1
2143,2:1
2144,10:1
2145,5:1
2146,2:1
2147,10:1
2148,10:1
2149,2:1
2150,5:1
2151,2:1
2152,10:1
2153,5:1
2154,2:1
2155,10:1
2156,5:1
2157,2:1
2158,2:1
2159,10:1
2160,2:1
2161,5:1
2162,5:1
2163,2:1
2164,10:1
2165,5:1
2166,2:1
2167,5:1
2168,5:1
2169,10:1
2170,5:1
2171,10:1
2172,10:1
2173,5:1
2174,2:1
2175,5:1
2176,10:1
2177,10:1
2178,10:1
2179,5:1
2180,10:1
2181,5:1
2182,5:1
2183,2:1
2184,10:1
2185,5:1
2186,5:1
2187,10:1
2188,5:1
2189,2:1
2190,2:1
2191,5:1
2192,2:1
2193,5:1
2194,5:1
2195,5:1
2196,2:1
2197,2:1
2198,10:1
2199,5:1
2200,10:1
2201,2:1
2202,2:1
2203,2:1
2204,5:1
2205,10:1
2206,10:1
2207,5:1
2208,10:1
2209,10:1
2210,2:1
2211,10:1
2212,10:1
2213,10:1
2214,2:1
2215,5:1
2216,2:1
2217,10:1
2218,5:1
2219,10:1
2220,10:1
2221,2:1
2222,10:1
2223,10:1
2224,5:1
2225,2:1
2226,10:1
2227,2:1
2228,5:1
2229,10:1
2230,5:1
2231,5:1
2232,5:1
2233,5:1
2234,10:1
2235,5:1
2236,5:1
2237,10:1
2238,5:1
2239,2:1
2240,10:1
2241,10:1
2242,2:1
2243,10:1
2244,2:1
2245,5:1
2246,2:1
2247,5:1
2248,10:1
2249,10:1
2250,5:1
2251,5:1
2252,5:1
2253,10:1
2254,10:1
2255,2:1
2256,5:1
2257,5:1
2258,2:1
2259,2:1
2260,10:1
2261,2:1
2262,2:1
2263,2:1
2264,5:1
2265,5:1
2266,10:1
2267,2:1
2268,5:1
2269,10:1
2270,10:1
2271,2:1
2272,2:1
2273,2:1
2274,2:1
2275,5:1
2276,10:1
2277,2:1
2278,2:1
2279,2:1
2280,10:1
2281,5:1
2282,2:1
2283,5:1
2284,10:1
2285,10:1
2286,10:1
2287,2:1
2288,5:1
2289,5:1
2290,5:1
2291,5:1
2292,2:1
2293,5:1
2294,2:1
2295,2:1
2296,2:1
2297,10:1
2298,5:1
2299,10:1
2300,10:1
2301,2:1
2302,5:1
2303,2:1
2304,2:1
2305,10:1
2306,2:1
2307,2:1
2308,10:1
2309,10:1
2310,5:1
2311,10:1
2312,10:1
2313,10:1
2314,10:1
2315,2:1
2316,10:1
2317,5:1
2318,2:1
2319,10:1
2320,2:1
2321,2:1
2322,10:1
2323,10:1
2324,10:1
2325,2:1
2326,2:1
2327,2:1
2328,5:1
2329,2:1
2330,10:1
2331,2:1
2332,5:1
2333,2:1
2334,2:1
2335,5:1
2336,10:1
2337,10:1
2338,10:1
2339,10:1
2340,2:1
2341,5:1
2342,10:1
2343,2:1
2344,5:1
2345,2:1
2346,10:1
2347,2:1
2348,5:1
2349,10:1
2350,2:1
2351,5:1
2352,2:1
2353,10:1
2354,10:1
2355,5:1
2356,5:1
2357,10:1
2358,5:1
2359,2:1
2360,5:1
2361,2:1
2362,2:1
2363,2:1
2364,2:1
2365,2:1
2366,10:1
2367,5:1
2368,5:1
2369,5:1
2370,10:1
2371,10:1
2372,10:1
2373,5:1
2374,10:1
2375,5:1
2376,2:1
2377,2:1
2378,5:1
2379,5:1
2380,5:1
2381,5:1
2382,5:1
2383,10:1
2384,10:1
2385,10:1
2386,5:1
2387,2:1
2388,2:1
2389,5:1
2390,2:1
2391,5:1
2392,5:1
2393,2:1
2394,5:1
2395,10:1
2396,10:1
2397,10:1
2398,10:1
2399,5:1
2400,10:1
2401,10:1
2402,10:1
2403,5:1
2404,2:1
2405,10:1
2406,2:1
2407,5:1
2408,10:1
2409,10:1
2410,5:1
2411,2:1
2412,2:1
2413,5:1
2414,5:1
2415,2:1
2416,2:1
2417,2:1
2418,10:1
2419,2:1
2420,10:1
2421,5:1
2422,5:1
2423,2:1
2424,5:1
2425,2:1
2426,2:1
2427,2:1
2428,5:1
2429,10:1
2430,2:1
2431,5:1
2432,10:1
2433,2:1
2434,5:1
2435,5:1
2436,10:1
2437,10:1
2438,2:1
2439,5:1
2440,10:1
2441,5:1
2442,2:1
2443,10:1
2444,5:1
2445,5:1
2446,2:1
2447,10:1
2448,10:1
2449,5:1
2450,2:1
2451,10:1
2452,2:1
2453,2:1
2454,5:1
2455,5:1
2456,10:1
2457,10:1
2458,2:1
2459,2:1
2460,10:1
2461,2:1
2462,10:1
2463,2:1
2464,5:1
2465,2:1
2466,10:1
2467,10:1
2468,5:1
2469,10:1
2470,10:1
2471,10:1
2472,10:1
2473,2:1
2474,10:1
2475,5:1
2476,5:1
2477,5:1
2478,10:1
2479,2:1
2480,2:1
2481,2:1
2482,5:1
2483,5:1
2484,10:1
2485,10:1
2486,2:1
2487,10:1
2488,5:1
2489,10:1
2490,5:1
2491,2:1
2492,2:1
2493,10:1
2494,5:1
2495,5:1
2496,5:1
2497,10:1
2498,2:1
2499,2:1
2500,10:1
2501,2:1
2502,2:1
2503,5:1
2504,2:1
2505,5:1
2506,10:1
2507,10:1
2508,5:1
2509,10:1
2510,5:1
2511,5:1
2512,10:1
2513,5:1
2514,10:1
2515,10:1
2516,10:1
2517,2:1
2518,10:1
2519,5:1
2520,5:1
2521,5:1
2522,5:1
2523,10:1
2524,2:1
2525,2:1
2526,5:1
2527,2:1
2528,5:1
2529,10:1
2530,5:1
2531,10:1
2532,10:1
2533,10:1
2534,2:1
2535,10:1
2536,5:1
2537,5:1
2538,5:1
2539,5:1
2540,5:1
2541,5:1
2542,5:1
2543,5:1
2544,10:1
2545,10:1
2546,2:1
2547,10:1
2548,2:1
2549,2:1
2550,5:1
2551,2:1
2552,5:1
2553,5:1
2554,5:1
2555,5:1
2556,2:1
2557,2:1
2558,5:1
2559,2:1
2560,10:1
2561,10:1
2562,2:1
2563,5:1
2564,5:1
2565,10:1
2566,10:1
2567,10:1
2568,5:1
2569,5:1
2570,2:1
2571,2:1
2572,5:1
2573,2:1
2574,2:1
2575,5:1
2576,5:1
2577,10:1
2578,2:1
2579,5:1
2580,5:1
2581,10:1
2582,2:1
2583,5:1
2584,2:1
2585,2:1
2586,10:1
2587,10:1
2588,5:1
2589,2:1
2590,5:1
2591,10:1
2592,10:1
2593,10:1
2594,10:1
2595,2:1
2596,2:1
2597,10:1
2598,5:1
2599,10:1
2600,5:1
2601,5:1
2602,10:1
2603,10:1
2604,5:1
2605,5:1
2606,2:1
2607,2:1
2608,2:1
2609,2:1
2610,5:1
2611,5:1
2612,5:1
2613,10:1
2614,2:1
2615,5:1
2616,10:1
2617,2:1
2618,2:1
2619,5:1
2620,5:1
2621,5:1
2622,2:1
2623,5:1
2624,5:1
2625,5:1
2626,5:1
2627,10:1
2628,2:1
2629,10:1
2630,2:1
2631,2:1
2632,2:1
2633,2:1
2634,2:1
2635,2:1
2636,2:1
2637,2:1
2638,5:1
2639,5:1
2640,2:1
2641,2:1
2642,5:1
2643,10:1
2644,10:1
2645,5:1
2646,2:1
2647,5:1
2648,5:1
2649,2:1
2650,2:1
2651,10:1
2652,2:1
2653,10:1
2654,5:1
2655,10:1
2656,10:1
2657,10:1
2658,10:1
2659,5:1
2660,10:1
2661,2:1
2662,10:1
2663,5:1
2664,5:1
2665,5:1
2666,2:1
2667,5:1
2668,5:1
2669,5:1
2670,10:1
2671,2:1
2672,5:1
2673,10:1
2674,5:1
2675,5:1
2676,10:1
2677,2:1
2678,2:1
2679,10:1
2680,5:1
2681,5:1
2682,10:1
2683,5:1
2684,5:1
2685,5:1
2686,10:1
2687,5:1
2688,5:1
2689,10:1
2690,10:1
2691,2:1
2692,5:1
2693,5:1
2694,5:1
2695,2:1
2696,5:1
2697,2:1
2698,5:1
2699,2:1
2700,5:1
2701,10:1
2702,2:1
2703,2:1
2704,10:1
2705,10:1
2706,10:1
2707,10:1
2708,10:1
2709,2:1
2710,10:1
2711,2:1
2712,2:1
2713,2:1
2714,10:1
2715,5:1
2716,5:1
2717,10:1
2718,2:1
2719,5:1
2720,10:1
2721,5:1
2722,10:1
2723,2:1
2724,5:1
2725,2:1
2726,2:1
2727,10:1
2728,5:1
2729,5:1
2730,10:1
2731,2:1
2732,2:1
2733,10:1
2734,2:1
2735,2:1
2736,10:1
2737,10:1
2738,5:1
2739,2:1
2740,2:1
2741,10:1
2742,10:1
2743,10:1
2744,10:1
2745,2:1
2746,5:1
2747,10:1
2748,10:1
2749,5:1
2750,5:1
2751,5:1
2752,10:1
2753,10:1
2754,5:1
2755,2:1
2756,2:1
2757,2:1
2758,10:1
2759,10:1
2760,5:1
2761,2:1
2762,5:1
2763,5:1
2764,2:1
2765,10:1
2766,10:1
2767,2:1
2768,2:1
2769,2:1
2770,10:1
2771,10:1
2772,5:1
2773,5:1
2774,5:1
2775,5:1
2776,10:1
2777,5:1
2778,2:1
2779,2:1
2780,2:1
2781,5:1
2782,2:1
2783,10:1
2784,5:1
2785,10:1
2786,10:1
2787,2:1
2788,5:1
2789,10:1
2790,10:1
2791,2:1
2792,10:1
2793,2:1
2794,2:1
2795,10:1
2796,2:1
2797,5:1
2798,10:1
2799,10:1
2800,10:1
2801,10:1
2802,2:1
2803,10:1
2804,10:1
2805,5:1
2806,2:1
2807,10:1
2808,10:1
2809,10:1
2810,2:1
2811,10:1
2812,10:1
2813,10:1
2814,2:1
2815,10:1
2816,2:1
2817,2:1
2818,5:1
2819,2:1
2820,5:1
2821,10:1
2822,10:1
2823,2:1
2824,10:1
2825,10:1
2826,5:1
2827,2:1
2828,2:1
2829,5:1
2830,2:1
2831,5:1
2832,2:1
2833,5:1
2834,5:1
2835,2:1
2836,5:1
2837,10:1
2838,2:1
2839,2:1
2840,2:1
2841,5:1
2842,2:1
2843,5:1
2844,10:1
2845,10:1
2846,5:1
2847,2:1
2848,2:1
2849,5:1
2850,5:1
2851,2:1
2852,2:1
2853,10:1
2854,10:1
2855,2:1
2856,2:1
2857,10:1
2858,10:1
2859,10:1
2860,2:1
2861,5:1
2862,10:1
2863,2:1
2864,2:1
2865,2:1
2866,10:1
2867,5:1
2868,2:1
2869,2:1
2870,5:1
2871,2:1
2872,10:1
2873,2:1
2874,5:1
2875,2:1
2876,5:1
2877,10:1
2878,2:1
2879,2:1
2880,2:1
2881,2:1
2882,10:1
2883,2:1
2884,2:1
2885,5:1
2886,2:1
2887,10:1
2888,10:1
2889,5:1
2890,2:1
2891,2:1
2892,10:1
2893,2:1
2894,5:1
2895,5:1
2896,5:1
2897,2:1
2898,2:1
2899,2:1
2900,5:1
2901,5:1
2902,2:1
2903,2:1
2904,10:1
2905,10:1
2906,5:1
2907,5:1
2908,2:1
2909,10:1
2910,5:1
2911,10:1
2912,10:1
2913,10:1
2914,10:1
2915,5:1
2916,5:1
2917,10:1
2918,5:1
2919,2:1
2920,2:1
2921,2:1
2922,2:1
2923,5:1
2924,2:1
2925,10:1
2926,10:1
2927,5:1
2928,5:1
2929,2:1
2930,5:1
2931,2:1
2932,10:1
2933,2:1
2934,2:1
2935,10:1
2936,5:1
2937,10:1
2938,2:1
2939,5:1
2940,2:1
2941,10:1
2942,2:1
2943,5:1
2944,2:1
2945,10:1
2946,2:1
2947,5:1
2948,2:1
2949,2:1
2950,10:1
2951,2:1
2952,5:1
2953,10:1
2954,2:1
2955,2:1
2956,2:1
2957,5:1
2958,10:1
2959,10:1
2960,5:1
2961,10:1
2962,10:1
2963,5:1
2964,5:1
2965,10:1
2966,5:1
2967,2:1
2968,5:1
2969,10:1
2970,5:1
2971,2:1
2972,5:1
2973,10:1
2974,2:1
2975,5:1
2976,2:1
2977,5:1
2978,5:1
2979,2:1
2980,5:1
2981,10:1
2982,10:1
2983,10:1
2984,2:1
2985,5:1
2986,10:1
2987,2:1
2988,10:1
2989,2:1
2990,10:1
2991,10:1
2992,10:1
2993,2:1
2994,5:1
2995,10:1
2996,10:1
2997,10:1
2998,2:1
2999,10:1
3000,5:1
